"#","Player","Pos","Team","1","2","3","4","5","6","7","8","9","10","11","12","13","14","15","16","17","18","AVG","TTL"
"1","Christian McCaffrey","RB","SF","23.2","22.7","24","26.1","27.9","24.1","39.1","9.8","34.3","17.6","35.1","27.2","","","","","","","25.9","311.1"
"2","Jonathan Taylor","RB","IND","12.8","29.5","32.8","14.6","31.6","23.7","34.2","37.4","7.7","49.6","BYE","8.6","","","","","","","25.7","282.5"
"3","Josh Allen","QB","BUF","38.8","11.8","23","25.9","20.4","17.4","BYE","23.2","28.8","20.3","44.7","10.1","","","","","","","24","264.5"
"4","Jahmyr Gibbs","RB","DET","15","19.4","26.9","17.7","16.7","7.5","36.8","BYE","5.8","38.2","19.6","55.4","","","","","","","23.5","259"
"5","Jaxon Smith-Njigba","WR","SEA","19.4","18.3","20.6","13","27.2","30.2","26.3","BYE","22","20.3","20.6","37.1","","","","","","","23.2","255"
"6","Drake Maye","QB","NE","16.8","26.3","20.2","23.2","12.1","27.2","23.1","27.3","17.4","19.1","15.4","17","","","","","","","20.4","245.1"
"7","Patrick Mahomes II","QB","KC","26","23.1","13.2","27.3","27.7","31.5","26.2","25","11.5","BYE","14.3","18.1","","","","","","","22.2","243.9"
"8","De'Von Achane","RB","MIA","16.5","26.2","16.1","17.1","16.6","31","12.8","20.1","16.6","40.5","21.5","BYE","","","","","","","21.4","235"
"9","Jalen Hurts","QB","PHI","24.3","11.5","29","19.4","19.5","21.6","24","25.4","BYE","12","14.5","30.9","","","","","","","21.1","232.2"
"10","Dak Prescott","QB","DAL","7.8","23.1","14","31","28.3","22.3","23.3","8.6","16.4","BYE","24.3","28.1","","","","","","","20.7","227.2"
"11","Matthew Stafford","QB","LAR","13.6","18.3","14.8","27.4","25.6","9.3","27.4","BYE","26.8","26.9","13.2","22.9","","","","","","","20.6","226.3"
"12","Bijan Robinson","RB","ATL","24.4","19.8","16.1","28.1","BYE","35.8","21.2","5.8","17.6","10.8","30.3","14.7","","","","","","","20.4","224.6"
"13","George Pickens","WR","DAL","6","17.8","17.8","33.4","13.7","31.8","12.2","14.8","13.9","BYE","29.4","29.6","","","","","","","20","220.4"
"14","Amon-Ra St. Brown","WR","DET","8.5","39.2","20.7","26","18","13.7","20.6","BYE","18.7","16.8","6.2","29.9","","","","","","","19.8","218.3"
"15","Caleb Williams","QB","CHI","24.2","18","29.1","12.8","BYE","19.9","5.7","12.8","38.7","25.1","10.3","21.7","","","","","","","19.8","218.2"
"16","Daniel Jones","QB","IND","29.5","22.8","15.8","12.4","16.7","23.5","22.2","23.2","17.1","16.5","BYE","16.8","","","","","","","19.7","216.5"
"17","Justin Herbert","QB","LAC","27.9","18.8","15.6","14.5","15.6","18.8","29.9","26.3","28.7","14.7","4.3","BYE","","","","","","","19.6","215.1"
"18","Puka Nacua","WR","LAR","23.1","27.6","22.8","36","24.5","4.8","-","BYE","22.8","17.4","14.3","16.7","","","","","","","21","210"
"19","Bo Nix","QB","DEN","8.8","21.2","13.4","26.7","17.9","13.4","40","24.8","19.5","7.8","12.6","BYE","","","","","","","18.7","206.1"
"20","James Cook III","RB","BUF","21.2","26.5","20.8","22.5","4.9","8.7","BYE","33.6","13.5","10.7","20.4","21.9","","","","","","","18.6","204.7"
"21","Trey McBride","TE","ARI","12.1","13.8","15.3","12.2","9.1","21.2","29.4","BYE","16.5","27.7","27.5","16.9","","","","","","","18.3","201.7"
"22","Jared Goff","QB","DET","11.9","34","12.7","13.7","20.1","16.8","11.3","BYE","19.4","24.8","13.1","18.2","","","","","","","17.8","196"
"23","Ja'Marr Chase","WR","CIN","4.6","36.5","8.9","7.3","29","25.1","38.1","21.1","17.1","BYE","6","-","","","","","","","19.4","193.7"
"24","Baker Mayfield","QB","TB","22.6","19.9","17.7","19.9","26.7","19.6","12.1","4.1","BYE","22.9","17.8","5.5","","","","","","","17.2","188.8"
"25","Trevor Lawrence","QB","JAC","11.3","21.2","8.8","11.7","27.2","19.2","17.6","BYE","22.2","10.8","16","20.1","","","","","","","16.9","186.3"
"26","Davante Adams","WR","LAR","9.1","22.6","14.6","15.6","13.8","7.9","26.5","BYE","23","19.7","7.1","23.2","","","","","","","16.6","183.1"
"27","Josh Jacobs","RB","GB","14","14.4","12.4","31.7","BYE","32","18.8","13.5","20","19.7","4","-","","","","","","","18.1","180.5"
"28","Javonte Williams","RB","DAL","20.4","25","12.2","19","26.9","8.4","18.8","17.9","7.3","BYE","10.3","12.1","","","","","","","16.2","178.3"
"29","Drake London","WR","ATL","13.5","5.9","10.5","25","BYE","31.8","8.2","-","38.8","24.4","18.9","-","","","","","","","19.7","177"
"30","Jordan Love","QB","GB","15.9","20.9","12.1","26.3","BYE","16","13.4","28.3","10","7.8","17.7","7.1","","","","","","","15.9","175.4"
"31","Sam Darnold","QB","SEA","5.4","17.8","16.7","16.1","28.6","20","9.6","BYE","28.2","5.9","8.3","17.7","","","","","","","15.8","174.3"
"32","Rico Dowdle","RB","CAR","3.6","2.9","10.8","4","32.4","33.9","10.6","5.4","28.1","15.3","15","11.4","","","","","","","14.5","173.4"
"33","Kyren Williams","RB","LAR","13.9","10","19.2","10.4","31.1","16.7","8.5","BYE","17.4","22.4","16.6","5.8","","","","","","","15.6","172"
"34","Ashton Jeanty","RB","LV","12","7.4","6.3","33.5","15.9","16.6","4.4","BYE","19.9","15.3","9.4","24.8","","","","","","","15","165.5"
"35","Chris Olave","WR","NO","12.4","11.4","15.7","10","12.9","15.8","26.8","14","8.7","21.4","BYE","16","","","","","","","15","165.1"
"36","Tetairoa McMillan","WR","CAR","11.8","16","7.8","10.2","13.3","17.9","6.3","16.9","8.6","11","33","11.5","","","","","","","13.7","164.3"
"37","Michael Pittman Jr.","WR","IND","20","8","19.3","15.1","14.9","4","20.8","23.5","20.5","3.9","BYE","13.7","","","","","","","14.9","163.7"
"38","Wan'Dale Robinson","WR","NYG","11.5","28.2","3.6","4.4","8.2","20.4","15.5","7.8","13.6","12.2","7.6","30.6","","","","","","","13.6","163.6"
"39","Travis Etienne Jr.","RB","JAC","18.6","16.9","11.6","19.5","8.8","9.5","6.5","BYE","16.5","15.7","19.3","20.6","","","","","","","14.9","163.5"
"40","Jaxson Dart","QB","NYG","-","-0.3","0.3","19.8","17.6","23.6","29.4","19.4","27.2","26.3","-","-","","","","","","","18.2","163.4"
"41","Saquon Barkley","RB","PHI","18.4","17.4","9.5","17.4","17.8","8.7","5.2","33.4","BYE","13.1","10","12.4","","","","","","","14.8","163.3"
"42","Emeka Egbuka","WR","TB","23.6","12.9","14.5","20.1","31.3","4.4","9.8","6.5","BYE","23.5","9","6.2","","","","","","","14.7","161.8"
"43","Derrick Henry","RB","BAL","29.2","2.3","10.7","7.8","9.3","14","BYE","19.1","13.1","11.4","20.2","22.8","","","","","","","14.5","159.9"
"44","Joe Flacco","QB","CIN","14.2","9.8","4.7","3.3","-","18.8","26","24.3","32.7","BYE","10.9","10.6","","","","","","","15.5","155.1"
"45","Breece Hall","RB","NYJ","16.5","5.8","9.2","16.1","17.5","5.9","7.2","32.9","BYE","19.5","8.4","13.9","","","","","","","13.9","152.9"
"46","Aaron Rodgers","QB","PIT","25.7","12.4","12.7","12.8","BYE","17.5","24.6","16.8","12.1","8.4","9.4","-","","","","","","","15.2","152.4"
"47","Justin Jefferson","WR","MIN","14.8","11.1","12.5","22.6","19.3","BYE","12.9","14.4","16.7","7.7","11.1","8.8","","","","","","","13.8","151.9"
"48","Jaylen Waddle","WR","MIA","7","17.8","14.9","7.8","23","15.8","2.5","20.9","14.2","19.4","8.2","BYE","","","","","","","13.8","151.5"
"49","Jake Ferguson","TE","DAL","7.3","16.8","21.2","17","23.9","12.3","21.9","0","8","BYE","11.6","11.1","","","","","","","13.7","151.1"
"50","Lamar Jackson","QB","BAL","29.4","26.3","27","11.7","-","-","BYE","-","25.6","16.6","6.7","7.2","","","","","","","18.8","150.5"
"51","Chase Brown","RB","CIN","13.1","8.5","6","10.1","11.8","8.9","12","25.5","19.2","BYE","18.7","15","","","","","","","13.5","148.8"
"52","DeVonta Smith","WR","PHI","4.6","9.3","20","4.9","19.4","8.9","33.3","14.4","BYE","16.9","1.8","14.9","","","","","","","13.5","148.4"
"53","Travis Kelce","TE","KC","12.7","10.1","6.6","9.8","19.1","13.8","8.4","21.9","12.6","BYE","24.1","8.4","","","","","","","13.4","147.5"
"54","Stefon Diggs","WR","NE","11.7","7.2","5.3","16.1","24.6","5.8","13.9","10.4","12.8","15.6","19.5","4","","","","","","","12.2","146.9"
"55","Nico Collins","WR","HOU","5.5","14.2","22.4","11.9","16","BYE","6.7","-","14.5","22.6","24.2","8.5","","","","","","","14.7","146.5"
"56","Bryce Young","QB","CAR","10.2","22.3","11.6","10.3","13","19.5","10.5","-","4","2.6","31.8","10.3","","","","","","","13.3","146"
"57","Tyler Warren","TE","IND","14.9","11.9","6.8","18.3","14.4","18.3","16.9","9.3","7.6","17.9","BYE","9.5","","","","","","","13.3","145.8"
"58","Geno Smith","QB","LV","18.5","6.2","26.1","12.8","7.9","9.7","2.8","BYE","27.3","5.4","13.9","14.2","","","","","","","13.2","144.7"
"59","Tua Tagovailoa","QB","MIA","7.3","19.6","13.8","15.7","22.7","9.6","1.6","24.2","9.5","12.8","6.8","BYE","","","","","","","13.1","143.7"
"60","Justin Fields","QB","NYJ","29.5","4","-","27.1","25.9","4.9","4","20.9","BYE","8","19.3","-","","","","","","","16","143.7"
"61","Rome Odunze","WR","CHI","15.7","31.8","15.2","16.9","BYE","5.2","5.1","18.4","0","20.6","6.1","8.3","","","","","","","13","143.3"
"62","Ladd McConkey","WR","LAC","13.4","9.8","8.1","2.1","14.9","23","15.7","20.8","9.6","20.7","4.3","BYE","","","","","","","12.9","142.4"
"63","Zay Flowers","WR","BAL","28.1","14.9","3.3","14.4","12.2","8.6","BYE","14.1","11.4","12.1","11.3","11.9","","","","","","","12.9","142.3"
"64","Tee Higgins","WR","CIN","6.3","14.6","2.5","6.2","11.2","11.2","21.6","11.4","33.1","BYE","15.3","8.1","","","","","","","12.9","141.5"
"65","Deebo Samuel Sr.","WR","WAS","22.6","17.4","4.9","20.1","23.6","5.4","-","4.2","9.4","12.9","20.7","BYE","","","","","","","14.1","141.2"
"66","Keenan Allen","WR","LAC","19.8","17.1","19.5","8.7","10.8","6.7","28.9","8.4","6.1","3.9","9.3","BYE","","","","","","","12.7","139.2"
"67","D'Andre Swift","RB","CHI","9.5","13.9","10.8","16","BYE","25.5","20.8","15.1","-","14.8","9","1.9","","","","","","","13.7","137.3"
"68","TreVeyon Henderson","RB","NE","11.1","6","7.7","12.6","4.7","4.6","0.5","5.5","12.7","28","32.3","11.1","","","","","","","11.4","136.8"
"69","DK Metcalf","WR","PIT","12.3","11","12.2","23.6","BYE","19.5","8","16.5","2.6","6.5","9.9","14.4","","","","","","","12.4","136.5"
"70","Mac Jones","QB","SF","-","21.8","14.3","-","22.2","13.2","6.2","19","15.8","24.1","-0.3","-","","","","","","","15.1","136.1"
"71","Courtland Sutton","WR","DEN","18.1","1.6","23.8","19.1","17.9","2.7","16.7","10.7","10","5.4","9.9","BYE","","","","","","","12.4","135.9"
"72","Troy Franklin","WR","DEN","8.4","24","2.8","9.5","8.5","3.1","12.9","26.9","8.3","15","12.4","BYE","","","","","","","12","131.8"
"73","Jaylen Warren","RB","PIT","13.9","17.4","13.1","-","BYE","8.3","19.8","9.3","16.9","11.1","8.7","12.8","","","","","","","13.1","131.3"
"74","Quinshon Judkins","RB","CLE","-","10.1","16.5","21.5","13.8","3.6","26.4","4.7","BYE","10.5","5.9","16.7","","","","","","","13","129.7"
"75","Jacoby Brissett","QB","ARI","-","0.2","-","-","0","21.7","19.8","BYE","24.8","19.4","23.9","18.7","","","","","","","16.1","128.5"
"76","Cam Skattebo","RB","NYG","2.9","13.9","24.1","13","14.4","31","18.4","10","-","-","-","-","","","","","","","16","127.7"
"77","Tre Tucker","WR","LV","13.4","4.9","40.9","4.2","11.1","12","8.3","BYE","6.8","5.5","14.7","5.8","","","","","","","11.6","127.6"
"78","Kenneth Gainwell","RB","PIT","5.3","6.6","9.6","31.4","BYE","9.6","3.5","3.5","7.4","2.4","29.5","18.2","","","","","","","11.5","127"
"79","Khalil Shakir","WR","BUF","12.4","2.2","14.5","17.9","11","6.3","BYE","20.8","11.3","12.8","0.7","17","","","","","","","11.5","126.9"
"80","A.J. Brown","WR","PHI","1.8","7.7","22.9","2.7","9.3","14","28.1","-","BYE","3.3","11.9","25","","","","","","","12.7","126.7"
"81","C.J. Stroud","QB","HOU","9.7","15","12.4","18.4","28.8","BYE","14.7","22.7","4.4","-","-","-","","","","","","","15.7","126"
"82","Jason Myers","K","SEA","8","9","17","14","5","10","10","BYE","9","15","15","13","","","","","","","11.4","125"
"83","Hunter Henry","TE","NE","10.6","1.9","29","11.9","6.6","5.7","7.3","7.7","9.1","1.9","8.5","24.5","","","","","","","10.4","124.7"
"84","Kenneth Walker III","RB","SEA","5.4","18.8","18","12","9.6","4.7","6.6","BYE","8.1","8","20.1","13.1","","","","","","","11.3","124.4"
"85","Michael Penix Jr.","QB","ATL","24","5.3","5.8","19.7","BYE","14.6","12.2","-","22.7","11","7.9","-","","","","","","","13.7","123.3"
"86","Quentin Johnston","WR","LAC","24.9","15.9","14.9","23.8","6.9","-","11","0","15.3","9.2","0","BYE","","","","","","","12.2","121.9"
"87","CeeDee Lamb","WR","DAL","18","20.2","0","-","-","-","22","14.6","15.5","BYE","17.6","11.5","","","","","","","14.9","119.4"
"88","Romeo Doubs","WR","GB","8.8","11.8","4.5","29.8","BYE","10.5","13.2","9.4","16.1","1.5","9.3","4.3","","","","","","","10.8","119.2"
"89","Juwan Johnson","TE","NO","15.6","15.9","11.1","5.8","3.7","1.5","12.9","10.3","12.1","19.2","BYE","10.6","","","","","","","10.8","118.7"
"90","Jameson Williams","WR","DET","6.6","18.8","6.3","5.7","2","18.6","0","BYE","16.6","23.9","19.7","0","","","","","","","10.7","118.2"
"91","Dallas Goedert","TE","PHI","11.4","-","10.3","19.7","10.9","26","4.8","17.8","BYE","8.3","4.4","4","","","","","","","11.8","117.6"
"92","Tucker Kraft","TE","GB","9.9","24.4","5.9","10.6","BYE","12.3","16.8","33.3","4","-","-","-","","","","","","","14.7","117.2"
"93","David Montgomery","RB","DET","8.3","13.1","29.4","1.2","18.2","8.1","5.9","BYE","11","10.1","4.7","6.7","","","","","","","10.6","116.7"
"94","DJ Moore","WR","CHI","8.6","9.6","12.8","7.8","BYE","8.2","8.2","11.6","23","0","3.1","23.4","","","","","","","10.6","116.3"
"95","Brock Bowers","TE","LV","15.3","8.8","9.8","9.6","-","-","-","BYE","43.3","3.7","14.2","11.5","","","","","","","14.5","116.2"
"96","Cam Ward","QB","TEN","2.5","9.8","13","5.5","9","7.9","11.2","13.8","6.4","BYE","13.1","23.9","","","","","","","10.5","116"
"97","J.K. Dobbins","RB","DEN","14.8","15.5","15.3","11.5","15.4","4","9","14.1","6.9","9.4","-","BYE","","","","","","","11.6","115.9"
"98","Kareem Hunt","RB","KC","4.6","4.4","11.4","5.7","18.7","4.4","1.8","17.2","12.5","BYE","13.2","20","","","","","","","10.4","113.9"
"99","Jayden Daniels","QB","WAS","20.1","19.7","-","-","17.1","22.6","17.7","-","16.2","-","-","BYE","","","","","","","18.9","113.6"
"100","Rashid Shaheed","WR","SEA","9.3","15.2","8.2","9.2","21.4","6.8","8","14.5","11.8","3.3","4.9","0.5","","","","","","","9.4","113.1"
"101","Marvin Harrison Jr.","WR","ARI","18.1","4.7","7.4","18.6","13.8","5.2","7.8","BYE","22.6","14.3","-","-","","","","","","","12.5","112.5"
"102","Houston Texans","DST","HOU","6","7","5","14","11","BYE","18","5","8","14","9","15","","","","","","","10.2","112"
"102","Cameron Dicker","K","LAC","9","8","12","5","6","17","7","15","11","14","8","BYE","","","","","","","10.2","112"
"104","Theo Johnson","TE","NYG","1.5","7.4","2","10.7","21.3","4.7","15.6","5","11.7","14.5","6.6","10.7","","","","","","","9.3","111.7"
"105","Rachaad White","RB","TB","2.6","14.6","2.4","8.6","23.1","17.6","8.4","8.1","BYE","10.4","8.2","5.2","","","","","","","9.9","109.2"
"106","Brandon Aubrey","K","DAL","11","22","8","8","7","9","17","6","5","BYE","9","7","","","","","","","9.9","109"
"107","Chris Boswell","K","PIT","14","12","3","6","BYE","15","8","20","10","6","10","4","","","","","","","9.8","108"
"108","RJ Harvey","RB","DEN","7.9","3.4","4.6","19.8","6","6.5","7.2","24.1","16.6","3.8","8","BYE","","","","","","","9.8","107.9"
"109","Dalton Schultz","TE","HOU","5.8","5.9","8.9","8","11","BYE","18.8","4.4","13.7","18.3","11.1","1.8","","","","","","","9.8","107.7"
"110","Parker Washington","WR","JAC","0","12.6","7.4","5.9","9.6","4.9","10.2","BYE","17","17.9","4","18.1","","","","","","","9.8","107.6"
"111","Harold Fannin Jr.","TE","CLE","13.6","9.8","5.5","4.5","11.3","15.1","7.6","18.4","BYE","8.4","4.6","8.4","","","","","","","9.7","107.2"
"112","Ka'imi Fairbairn","K","HOU","14","9","4","10","18","BYE","8","14","18","-","-","12","","","","","","","11.9","107"
"113","Sam LaPorta","TE","DET","13.9","5.6","7.3","6.9","20.2","16.5","4.5","BYE","21.7","10.3","-","-","","","","","","","11.9","106.9"
"114","Marquise Brown","WR","KC","19.9","8","8.2","12.8","8.8","20.5","9.4","0","9.3","BYE","8","2","","","","","","","9.7","106.9"
"115","Michael Wilson","WR","ARI","1.5","8.1","1.5","4.5","3.6","8.4","7","BYE","9.1","7.4","33.5","21.8","","","","","","","9.7","106.4"
"116","Spencer Rattler","QB","NO","11.5","21.7","12.7","13.9","16.1","11.1","13.5","3.6","-","-","BYE","-","","","","","","","13","104.1"
"117","Eddy Pineiro","K","SF","-","10","12","7","17","18","11","1","12","2","14","-","","","","","","","10.4","104"
"118","Zach Ertz","TE","WAS","11.6","18.4","6.8","6.1","0","16.3","12.7","5.6","8.6","9.4","8.2","BYE","","","","","","","9.4","103.7"
"119","Los Angeles Rams","DST","LAR","11","8","6","7","1","17","11","BYE","9","6","9","18","","","","","","","9.4","103"
"120","Tony Pollard","RB","TEN","7.9","9.2","13.9","10.6","14.8","6.7","12.1","6.3","7.8","BYE","5.6","8.1","","","","","","","9.4","103"
"121","Jauan Jennings","WR","SF","3.6","19.9","-","6.4","-","1.7","7.1","8.5","14.1","17.1","9.4","15.1","","","","","","","10.3","102.9"
"122","Mark Andrews","TE","BAL","1.5","1.4","27.1","10","4.2","6.6","BYE","6.4","16.6","10.4","15.7","2.1","","","","","","","9.3","102"
"122","Tyler Loop","K","BAL","13","12","7","9","4","3","BYE","13","4","14","12","11","","","","","","","9.3","102"
"122","Seattle Seahawks","DST","SEA","8","14","16","11","-3","11","9","BYE","9","21","2","4","","","","","","","9.3","102"
"125","Jakobi Meyers","WR","JAC","17.7","12.8","9.3","7","7.2","7.9","-","BYE","6.3","7.1","11.4","15","","","","","","","10.2","101.7"
"126","Woody Marks","RB","HOU","0.3","6.1","4.6","27.9","2.4","BYE","12.5","15.1","2.7","16.1","6.1","7.9","","","","","","","9.2","101.7"
"127","Rashee Rice","WR","KC","-","-","-","-","-","-","23.2","25.5","18.6","BYE","9.8","24.1","","","","","","","20.2","101.2"
"128","Andy Borregales","K","NE","8","9","2","6","13","5","7","13","6","4","10","18","","","","","","","8.4","101"
"128","Will Reichard","K","MIN","9","8","14","8","3","BYE","18","6","11","9","5","10","","","","","","","9.2","101"
"130","Kyle Pitts Sr.","TE","ATL","12.9","7.7","7.9","18","BYE","4.8","13.2","14.9","7.8","5.8","3.4","4.5","","","","","","","9.2","100.9"
"131","Alvin Kamara","RB","NO","13.7","16","6.6","11.2","9.5","12.6","5.9","6.5","0.7","14.5","BYE","3.5","","","","","","","9.2","100.7"
"132","Chase McLaughlin","K","TB","6","2","21","16","12","7","5","17","BYE","5","8","1","","","","","","","9.1","100"
"133","Kayshon Boutte","WR","NE","16.3","8.6","4.8","2.8","7.3","26.3","13.5","16.5","0","-","-","3.5","","","","","","","10","99.6"
"134","Garrett Wilson","WR","NYJ","22.5","9","24.4","20.2","19.1","4.3","-","-","BYE","0","-","-","","","","","","","14.2","99.5"
"135","Dalton Kincaid","TE","BUF","14.8","7.7","17.6","9.8","16.8","-","BYE","3.3","22.1","5.7","-","-","","","","","","","12.2","97.8"
"136","Oronde Gadsden II","TE","LAC","-","-","9.6","3.6","2.4","11.8","29.4","18.7","11.8","4.3","6.1","BYE","","","","","","","10.9","97.7"
"137","Jordan Mason","RB","MIN","8.5","5.8","23.6","10.2","12.6","BYE","11.7","1.6","4.7","4.1","10.5","4.2","","","","","","","8.9","97.5"
"138","AJ Barner","TE","SEA","1.2","10.8","3.3","12.2","24.3","10.1","1.9","BYE","11.5","0.3","17.1","3.8","","","","","","","8.8","96.5"
"139","Zach Charbonnet","RB","SEA","10.7","1","-","12.4","11.8","4.7","19.5","BYE","5.6","14.3","6.7","9.5","","","","","","","9.6","96.2"
"140","Alec Pierce","WR","IND","4.6","10.8","10.7","-","-","6.8","14.8","8.9","17.5","18.4","BYE","3.6","","","","","","","10.7","96.1"
"141","Harrison Butker","K","KC","11","7","13","13","4","6","7","4","8","BYE","7","16","","","","","","","8.7","96"
"141","Cleveland Browns","DST","CLE","4","-1","13","1","7","0","25","9","BYE","5","17","16","","","","","","","8.7","96"
"143","George Kittle","TE","SF","12.5","-","-","-","-","-","0","14.3","6.9","23.4","24.7","13.8","","","","","","","13.7","95.6"
"144","Cam Little","K","JAC","15","10","5","9","9","0","1","BYE","15","13","5","13","","","","","","","8.6","95"
"145","Jake Bates","K","DET","7","10","9","13","5","5","8","BYE","7","13","5","12","","","","","","","8.5","94"
"145","Pittsburgh Steelers","DST","PIT","2","5","16","10","BYE","10","1","-4","18","5","21","10","","","","","","","8.5","94"
"145","New England Patriots","DST","NE","7","13","2","11","8","5","19","11","1","2","5","10","","","","","","","7.8","94"
"148","Joey Slye","K","TEN","15","17","11","0","13","-","10","2","9","BYE","10","6","","","","","","","9.3","93"
"149","Nick Folk","K","NYJ","10","6","10","11","7","12","7","12","BYE","9","2","5","","","","","","","8.3","91"
"149","Denver Broncos","DST","DEN","14","0","9","10","7","13","5","6","5","14","8","BYE","","","","","","","8.3","91"
"151","Marcus Mariota","QB","WAS","0","-","20.3","17.2","-","-","4.9","13.3","0","18.7","16.4","BYE","","","","","","","11.4","90.9"
"152","Kyle Monangai","RB","CHI","2.1","4.6","3","1.8","BYE","5.4","17.4","2.4","22.8","8.8","10.7","10.8","","","","","","","8.2","89.8"
"153","Chuba Hubbard","RB","CAR","17.9","18.7","9.6","9.9","-","-","7.5","9.4","1.7","2.5","3.8","8.3","","","","","","","8.9","89.3"
"154","Evan McPherson","K","CIN","5","7","5","3","8","5","17","8","11","BYE","8","12","","","","","","","8.1","89"
"155","Jordan Addison","WR","MIN","-","-","-","15.4","15.1","BYE","21.8","11.6","8.4","6.5","10","0","","","","","","","11.1","88.8"
"156","Cairo Santos","K","CHI","7","3","7","19","BYE","-","-","11","11","6","16","8","","","","","","","9.8","88"
"157","Tyrone Tracy Jr.","RB","NYG","5.5","9.1","5.6","-","-","0.6","10.6","7.3","6.7","8.1","17.9","16","","","","","","","8.7","87.4"
"158","Indianapolis Colts","DST","IND","13","1","15","5","17","4","7","7","5","5","BYE","8","","","","","","","7.9","87"
"159","Josh Downs","WR","IND","3.2","11.1","5.4","6.4","11.4","16.2","-","12.9","15.7","1.3","BYE","3","","","","","","","8.7","86.6"
"160","Mack Hollins","WR","NE","1.3","7.8","6.7","7.4","0","4.8","7.3","15.9","2.9","16.6","10.4","5","","","","","","","7.2","86.1"
"161","Chad Ryland","K","ARI","11","10","7","10","3","11","12","BYE","10","2","4","6","","","","","","","7.8","86"
"162","Brian Thomas Jr.","WR","JAC","9","8.9","7.5","10.6","12","23","6.1","BYE","8.5","-","-","-","","","","","","","10.7","85.6"
"162","Jacory Croskey-Merritt","RB","WAS","14.2","1.7","10.1","7.7","27","5.8","4.2","2.5","5.1","3","4.3","BYE","","","","","","","7.8","85.6"
"164","Tyler Allgeier","RB","ATL","2.4","15","1.4","11.1","BYE","10.8","1.6","9.4","0.6","17.7","9.6","5.9","","","","","","","7.8","85.5"
"165","Matt Prater","K","BUF","12","14","8","7","9","2","BYE","12","4","1","8","8","","","","","","","7.7","85"
"166","Jacksonville Jaguars","DST","JAC","11","8","12","15","7","2","-4","BYE","3","11","12","7","","","","","","","7.6","84"
"167","Colston Loveland","TE","CHI","3.2","0","4.1","-","BYE","3.1","5.4","6.8","29.8","9.5","7","14.9","","","","","","","8.4","83.8"
"168","Tez Johnson","WR","TB","0","-","0","2.3","10.1","11.5","15.8","9.3","BYE","20.2","1.6","12.3","","","","","","","8.3","83.1"
"169","Matt Gay","K","SF","3","6","14","18","9","8","2","-","2","5","7","9","","","","","","","7.5","83"
"169","Wil Lutz","K","DEN","8","4","9","4","9","9","5","9","4","4","18","BYE","","","","","","","7.5","83"
"169","Riley Patterson","K","MIA","0","11","3","10","7","10","6","10","8","7","11","BYE","","","","","","","7.5","83"
"172","Atlanta Falcons","DST","ATL","1","21","3","4","BYE","9","4","0","10","10","4","16","","","","","","","7.5","82"
"173","Cade Otton","TE","TB","0","5.5","0","3.9","12.1","10.1","13.5","8","BYE","17.2","4.8","6.1","","","","","","","7.4","81.2"
"174","Keon Coleman","WR","BUF","25.2","5.6","5","7.5","10.3","4.1","BYE","6","3.7","13.6","-","-","","","","","","","9","81"
"175","Kyler Murray","QB","ARI","18.3","15","14.1","18.1","15.3","-","-","BYE","-","-","-","-","","","","","","","16.2","80.8"
"176","DeMario Douglas","WR","NE","8.2","1.8","2.7","0","3.7","16.1","4.7","5.7","20","5.4","6.1","6.1","","","","","","","6.7","80.5"
"177","Jayden Higgins","WR","HOU","5.2","3.8","1.5","9.4","7.2","BYE","0","13.4","1.4","15.2","9.5","13.8","","","","","","","7.3","80.4"
"178","Malik Washington","WR","MIA","4.9","9.5","6.2","4.1","4","6.3","8","13.6","7.1","9.3","7.2","BYE","","","","","","","7.3","80.2"
"179","Philadelphia Eagles","DST","PHI","3","5","13","14","2","1","12","6","BYE","11","8","5","","","","","","","7.3","80"
"180","T.J. Hockenson","TE","MIN","4.5","2.2","15.9","7.9","9.8","BYE","10.3","4.6","9.1","2.8","6.9","5.9","","","","","","","7.3","79.9"
"181","Pat Freiermuth","TE","PIT","5.8","6.1","1.6","0","BYE","2.1","28.1","4.3","11.7","6.3","2.9","10.9","","","","","","","7.3","79.8"
"182","Kendrick Bourne","WR","SF","-","6.2","7.8","2.7","24.2","19.2","3.4","7.4","5.4","2.9","0","0","","","","","","","7.2","79.2"
"183","Sterling Shepard","WR","TB","6.9","7.4","12","4","11.9","7.1","7.5","1.8","BYE","6.1","10.1","4.2","","","","","","","7.2","79"
"183","Ryan Fitzgerald","K","CAR","5","4","15","1","10","14","7","4","5","1","10","3","","","","","","","6.6","79"
"185","Chimere Dike","WR","TEN","0.9","2.8","3.5","-0.4","3.7","2.8","16.9","16.4","7.5","BYE","3.4","21.4","","","","","","","7.2","78.9"
"186","Xavier Worthy","WR","KC","0","-","-","17.1","11.1","10.6","7.8","10.3","6","BYE","5.5","9.9","","","","","","","8.7","78.3"
"187","Cooper Kupp","WR","SEA","3.5","16","5.1","6.6","11.9","12","3.2","BYE","-","9.4","5.3","4.4","","","","","","","7.7","77.4"
"188","Blake Grupe","K","FA","7","3","7","9","16","16","2","4","4","5","-","4","","","","","","","7","77"
"188","Omarion Hampton","RB","LAC","8.1","3.5","24.9","27.5","13","-","-","-","-","-","-","BYE","","","","","","","15.4","77"
"190","Kimani Vidal","RB","LAC","-","-","-","0","2.9","22.8","7.5","19.7","3","17.8","3.2","BYE","","","","","","","9.6","76.9"
"191","Rhamondre Stevenson","RB","NE","4.7","21.2","4.6","5.1","14.7","1.8","16.8","5.9","-","-","-","2","","","","","","","8.5","76.8"
"191","David Njoku","TE","CLE","6.7","8","9","3.1","18.7","5.8","-","13.7","BYE","10.1","1.7","0","","","","","","","7.7","76.8"
"193","Arizona Cardinals","DST","ARI","5","13","6","5","7","2","1","BYE","15","6","-1","17","","","","","","","6.9","76"
"194","Jerry Jeudy","WR","CLE","11.6","9.1","2.7","7.8","3.5","9.3","3.7","0","BYE","19.8","5.1","2.9","","","","","","","6.9","75.5"
"195","Carson Wentz","QB","MIN","-","-","15.3","23.2","14.7","BYE","13.3","8.8","-","-","-","-","","","","","","","15.1","75.3"
"196","J.J. McCarthy","QB","MIN","23.2","4.8","-","-","-","BYE","-","-","19.9","16.7","8","2.5","","","","","","","12.5","75.2"
"197","Andre Szmyt","K","CLE","5","5","9","4","5","11","7","1","BYE","9","11","8","","","","","","","6.8","75"
"198","Mason Taylor","TE","NYJ","3","1.5","5.8","11.5","17.7","1.2","6.1","14.4","BYE","1.4","7","5.1","","","","","","","6.8","74.7"
"199","Emanuel Wilson","RB","GB","0.4","0","2.5","11.1","BYE","1.7","2.5","11.7","2.7","1.4","13.9","26.5","","","","","","","6.8","74.4"
"200","Chicago Bears","DST","CHI","11","-4","11","10","BYE","9","13","1","5","7","5","6","","","","","","","6.7","74"
"201","Xavier Legette","WR","CAR","4","0.8","-","-","11.1","3.1","24.2","3.7","3.2","0","18.3","5.2","","","","","","","7.4","73.6"
"202","Elic Ayomanor","WR","TEN","3.3","15.6","13.8","6.4","3.8","5.7","4.9","9.2","7.6","BYE","3.1","-","","","","","","","7.3","73.4"
"203","Nick Chubb","RB","HOU","6","15.2","7","8.2","12.1","BYE","2.1","8.9","3.4","6.2","1.7","2.5","","","","","","","6.7","73.3"
"204","Detroit Lions","DST","DET","0","8","8","19","10","2","12","BYE","7","2","2","3","","","","","","","6.6","73"
"204","Tampa Bay Buccaneers","DST","TB","2","4","14","4","0","11","8","26","BYE","2","2","0","","","","","","","6.6","73"
"206","Chig Okonkwo","TE","TEN","4.9","7.5","11.6","1.4","8.8","10.6","0","9.3","3","BYE","8.6","7","","","","","","","6.6","72.7"
"207","Jake Tonges","TE","SF","10.5","7.1","4.1","14.8","17.1","11.8","0","7.2","0","0","0","0","","","","","","","6.1","72.6"
"208","Dillon Gabriel","QB","CLE","-","4.8","-","0","16.1","8.8","5.8","13.5","BYE","20.1","2.9","-","","","","","","","9","72.1"
"209","Jake Elliott","K","PHI","8","12","3","7","5","6","4","9","BYE","4","11","3","","","","","","","6.5","72"
"209","Bucky Irving","RB","TB","14.5","18.1","13.9","25.5","-","-","-","-","BYE","-","-","-","","","","","","","18","72"
"211","Greg Dortch","WR","ARI","0.8","2.1","2.8","7.9","3.2","9.9","2.5","BYE","0.9","6.2","18.6","16.8","","","","","","","6.5","71.7"
"212","Noah Fant","TE","CIN","12.6","5.8","5.6","-","0","6.7","14.4","7.1","10.8","BYE","6.6","1.9","","","","","","","7.2","71.5"
"213","Daniel Carlson","K","LV","11","12","4","6","6","10","0","BYE","5","1","11","5","","","","","","","6.5","71"
"214","Aaron Jones Sr.","RB","MIN","15.7","2.3","-","-","-","BYE","-","5","11.8","15.9","11.1","8.7","","","","","","","10.1","70.5"
"215","Tyquan Thornton","WR","KC","6.1","13.9","18.1","8.1","12","0","4.9","0","0","BYE","7.1","0","","","","","","","6.4","70.2"
"216","Green Bay Packers","DST","GB","10","5","8","-3","BYE","2","8","5","4","6","7","18","","","","","","","6.4","70"
"217","Zonovan Knight","RB","ARI","-","0","-","0","9.4","12.4","9.4","BYE","6.7","4.3","14.5","13.2","","","","","","","7.8","69.9"
"218","Xavier Hutchinson","WR","HOU","5.5","4.9","4.6","3.7","16.8","BYE","2.3","17.9","6","0","7.2","0.9","","","","","","","6.3","69.8"
"219","Sean Tucker","RB","TB","0.2","0","0","0","2.9","8.5","1.6","10.2","BYE","6.1","34","5.6","","","","","","","6.3","69.1"
"220","Brock Purdy","QB","SF","18.8","-","-","19.7","-","-","-","-","-","-","19.3","10.3","","","","","","","17","68.1"
"221","Jalen Nailor","WR","MIN","3.8","6.1","6.7","9.2","7.2","BYE","5.7","0","2.6","23.4","2.6","0","","","","","","","6.1","67.3"
"222","New Orleans Saints","DST","NO","8","5","-2","4","18","1","3","6","1","12","BYE","11","","","","","","","6.1","67"
"223","Davis Mills","QB","HOU","-","-","-","-","1.2","BYE","-","-","6.2","28.7","16.4","14.5","","","","","","","13.4","67"
"224","Olamide Zaccheaus","WR","CHI","8.2","4.1","6.6","9.1","BYE","4.8","2.9","10.3","17.8","1.5","0","1.6","","","","","","","6.1","66.9"
"225","Tennessee Titans","DST","TEN","10","4","-4","2","15","5","4","-1","20","BYE","5","6","","","","","","","6","66"
"225","Brandon McManus","K","GB","9","11","4","12","BYE","-","-","9","8","1","-","12","","","","","","","8.3","66"
"227","Calvin Austin III","WR","PIT","17","3.2","12.4","3.3","BYE","-","-","6.8","10.6","3.4","1.5","7.6","","","","","","","7.3","65.8"
"228","Justice Hill","RB","BAL","-0.1","5.5","7.5","28.7","2.2","9.4","BYE","0.2","3.5","8.3","-","0","","","","","","","6.5","65.2"
"229","Tory Horton","WR","SEA","0","11.2","18.2","2","12.9","0","0","BYE","20.8","-","-","-","","","","","","","8.1","65.1"
"230","Carolina Panthers","DST","CAR","2","3","22","-3","3","0","17","-2","9","5","2","7","","","","","","","5.4","65"
"231","Evan Engram","TE","DEN","5.1","2.2","-","6.9","13.3","9.9","9.2","7.6","0","3.2","7.3","BYE","","","","","","","6.5","64.7"
"232","Minnesota Vikings","DST","MIN","5","5","30","4","3","BYE","3","0","9","1","3","1","","","","","","","5.8","64"
"233","Travis Hunter","WR","JAC","9.3","5.2","3.1","7.2","9.4","5.5","24.1","BYE","-","-","-","-","","","","","","","9.1","63.8"
"234","Bhayshul Tuten","RB","JAC","1.1","15.4","8.1","3.2","2.1","4.8","2.2","BYE","9.6","2","13.4","1.7","","","","","","","5.8","63.6"
"235","Dylan Sampson","RB","CLE","17.3","10.9","0.2","-0.2","1.2","4.4","2.7","7.9","BYE","0.9","1.9","16.2","","","","","","","5.8","63.4"
"236","Kansas City Chiefs","DST","KC","3","3","12","8","7","2","13","10","2","BYE","2","1","","","","","","","5.7","63"
"236","Buffalo Bills","DST","BUF","0","10","2","6","6","4","BYE","17","5","3","4","6","","","","","","","5.7","63"
"238","Gunnar Helm","TE","TEN","2.6","2.9","5.7","2.2","7.4","3.5","7.6","10.3","2.5","BYE","6.9","11.1","","","","","","","5.7","62.7"
"239","Andrei Iosivas","WR","CIN","0","2.2","0","3.7","13.2","1.5","7.9","0","18","BYE","5","10.6","","","","","","","5.6","62.1"
"240","JuJu Smith-Schuster","WR","KC","10.5","1.5","9.5","13.6","3.7","8.7","6.5","4.9","1.2","BYE","0","1.8","","","","","","","5.6","61.9"
"241","Jonnu Smith","TE","PIT","12.5","6.7","5.3","2.6","BYE","5.8","11.8","3.7","5.5","1.4","0","5.8","","","","","","","5.6","61.1"
"242","Marvin Mims Jr.","WR","DEN","2.2","10.4","1.4","20.5","3.9","4.8","15.8","1.8","0","-","0.2","BYE","","","","","","","6.1","61"
"242","Los Angeles Chargers","DST","LAC","2","13","3","6","3","8","-3","11","5","15","-2","BYE","","","","","","","5.5","61"
"244","Isiah Pacheco","RB","KC","4.8","3.9","5.8","12.8","8.6","6.1","12.4","5.8","-","BYE","-","-","","","","","","","7.5","60.2"
"245","Luther Burden III","WR","CHI","0.7","1.5","19.8","1.6","BYE","9.1","3.1","0.9","-","8.1","5.7","9.1","","","","","","","6","59.6"
"246","Tyjae Spears","RB","TEN","-","-","-","-","1.4","9","7","17.2","9.2","BYE","8.4","6.5","","","","","","","8.4","58.7"
"247","Darius Slayton","WR","NYG","0","8.1","7","7.4","4.1","-","-","4.6","11.2","12.9","-","3.3","","","","","","","6.5","58.6"
"248","Miami Dolphins","DST","MIA","0","8","1","8","7","2","2","7","1","13","9","BYE","","","","","","","5.3","58"
"248","Joshua Karty","K","LAR","2","9","17","10","6","5","5","BYE","4","-","-","-","","","","","","","7.3","58"
"250","Christian Watson","WR","GB","-","-","-","-","BYE","-","-","12.5","7.8","6.5","20.6","9.9","","","","","","","11.5","57.3"
"251","Malik Nabers","WR","NYG","12.1","37.7","3.3","4","-","-","-","-","-","-","-","-","","","","","","","14.3","57.1"
"251","Matthew Golden","WR","GB","3.6","1.5","10.1","11.3","BYE","13.2","7.7","3.4","2.9","-","3.4","-","","","","","","","6.3","57.1"
"253","Spencer Shrader","K","IND","16","18","11","10","2","-","-","-","-","-","BYE","-","","","","","","","11.4","57"
"254","Jake Browning","QB","CIN","-","20.7","7.9","5.4","22.1","-","-","-","-","BYE","-","0.6","","","","","","","11.3","56.7"
"255","Ricky Pearsall","WR","SF","14.8","9.2","19.7","8.6","-","-","-","-","0","-","1","2.8","","","","","","","8","56.1"
"256","Baltimore Ravens","DST","BAL","-3","15","-4","-3","-2","5","BYE","4","15","8","9","11","","","","","","","5","55"
"257","Darnell Mooney","WR","ATL","-","4","8.4","2.5","BYE","-","9.8","2.1","2.5","2.7","6.4","16.4","","","","","","","6.1","54.8"
"258","Brenton Strange","TE","JAC","9.9","4.7","12.1","10.5","3.2","-","-","BYE","-","-","-","14.3","","","","","","","9.1","54.7"
"259","Jeremy McNichols","RB","WAS","2.5","0","13.8","1.3","2.8","6.5","6.5","11.8","0","3.9","4.9","BYE","","","","","","","4.9","54"
"259","Devin Singletary","RB","NYG","0.9","1","1.1","2.8","3.4","1","0.2","3.8","7.1","10.3","17.7","4.7","","","","","","","4.5","54"
"261","Tyreek Hill","WR","MIA","8","16.9","15.9","12.7","-","-","-","-","-","-","-","BYE","","","","","","","13.4","53.5"
"262","Russell Wilson","QB","NYG","11.1","31.3","7.1","0.3","-","0","-","-","-","3","-","-","","","","","","","8.8","52.8"
"263","Ryan Flournoy","WR","DAL","-","0","4.1","4.6","18.4","6.3","0","1.7","9.2","BYE","7.2","0","","","","","","","5.2","51.5"
"264","Colby Parkinson","TE","LAR","-0.6","-","0","3.7","0","-","7.7","BYE","3","14.1","9.4","14.1","","","","","","","5.7","51.4"
"265","Luke McCaffrey","WR","WAS","0","4.9","14.6","10.1","6","10.3","0","5.4","0","-","-","BYE","","","","","","","5.7","51.3"
"266","Darnell Washington","TE","PIT","0","2","0","5","BYE","9.2","9.2","0","8.3","2.5","10.7","4.2","","","","","","","4.6","51.1"
"267","Brian Robinson Jr.","RB","SF","4.7","2.9","2.2","2.1","1.2","3.8","3.6","0","11.3","11.5","2.4","5.4","","","","","","","4.3","51.1"
"268","Michael Badgley","K","IND","-","-","-","-","-","8","6","9","12","8","BYE","8","","","","","","","8.5","51"
"268","Dallas Cowboys","DST","DAL","1","1","-1","1","7","2","15","-2","13","BYE","9","5","","","","","","","4.6","51"
"268","Tyler Higbee","TE","LAR","0","7.7","0","4.5","-","14","4.9","BYE","10.3","6.3","3.3","-","","","","","","","5.7","51"
"271","DeAndre Hopkins","WR","BAL","11.5","14.4","2.3","0","6.6","4","BYE","2.4","0","3.6","2.1","3.3","","","","","","","4.6","50.2"
"272","San Francisco 49ers","DST","SF","9","5","5","0","7","0","8","2","2","-3","6","9","","","","","","","4.2","50"
"273","Dyami Brown","WR","JAC","8.8","17.6","2.7","-","3.5","4","7","BYE","5.9","0","0","0","","","","","","","5","49.5"
"274","Michael Carter","RB","ARI","-","-","-","0.1","18.3","8.4","5.6","BYE","-","0.4","7.8","8.8","","","","","","","7.1","49.4"
"275","Rashod Bateman","WR","BAL","3","3.5","17.3","3.4","0","1.8","BYE","7.1","9.3","4","-","-","","","","","","","5.5","49.4"
"276","Tyler Lockett","WR","LV","0","2.9","7.7","0","7.6","1","3.8","BYE","0","9.4","6.3","10.2","","","","","","","4.4","48.9"
"277","Jaylin Noel","WR","HOU","1.7","0","1.4","1","9.8","BYE","11.7","11.3","-0.3","7.5","2.2","1.9","","","","","","","4.4","48.2"
"278","Ty Johnson","RB","BUF","2.4","0.6","3.1","0","1","2.6","BYE","0.6","10","4.6","15","8.2","","","","","","","4.4","48.1"
"279","Las Vegas Raiders","DST","LV","10","5","-1","3","-4","16","0","BYE","2","10","2","5","","","","","","","4.4","48"
"279","Parker Romo","K","FA","-","18","0","10","-","6","4","5","5","-","-","-","","","","","","","6.9","48"
"281","Chris Rodriguez Jr.","RB","WAS","-","-","3.9","5.9","0.7","0","7.2","0.2","12.5","7.6","9.5","BYE","","","","","","","5.3","47.5"
"282","Davis Allen","TE","LAR","8.3","7.8","1.3","1","4.4","1.7","1.4","BYE","6.7","8.8","0","5.9","","","","","","","4.3","47.3"
"282","Calvin Ridley","WR","TEN","6.7","8.7","3.7","5","18.1","2.8","-","-","-","BYE","2.3","-","","","","","","","6.8","47.3"
"284","KaVontae Turpin","WR","DAL","4.7","15.3","8.8","6.4","-","-","2.7","0.8","3.3","BYE","1","4.2","","","","","","","5.2","47.2"
"285","Washington Commanders","DST","WAS","9","2","11","2","13","5","-1","6","-2","-2","4","BYE","","","","","","","4.3","47"
"286","Christian Kirk","WR","HOU","-","-","5.5","5","10.4","BYE","-","-","6.6","1.3","1.6","16.4","","","","","","","6.7","46.8"
"287","Cedric Tillman","WR","CLE","16.2","10.2","5.6","1.6","-","-","-","-","BYE","3.1","8.2","1.5","","","","","","","6.6","46.4"
"288","Michael Mayer","TE","LV","7.8","2.9","0","-","-","16","2","BYE","5.6","5.2","4.3","2.4","","","","","","","5.1","46.2"
"289","Blake Corum","RB","LAR","2.6","10.4","5.3","3.6","1.3","2.3","5.3","BYE","5.8","5.6","1.5","2.4","","","","","","","4.2","46.1"
"290","Darren Waller","TE","MIA","-","-","-","17.7","18.8","9.2","0","-","-","-","-","BYE","","","","","","","11.4","45.7"
"291","Jameis Winston","QB","NYG","-","-","-","-","-","-","-","-","-","-","12","33.2","","","","","","","22.6","45.3"
"292","Joshua Palmer","WR","BUF","11.1","6.7","1.5","4.5","5.6","8","BYE","-","-","-","3.7","4.1","","","","","","","5.7","45.2"
"293","Pat Bryant","WR","DEN","0","3.8","0","0","0","4.2","1.6","12","4","5.3","13.2","BYE","","","","","","","4","44.1"
"294","Van Jefferson","WR","TEN","0","3","1.8","1.6","0","11.5","8.1","1.6","3.1","BYE","11.2","2.1","","","","","","","4","44"
"295","Tyrod Taylor","QB","NYJ","-","8.3","17.7","-","-","-","4.1","-","BYE","-","-","13.8","","","","","","","11","43.9"
"296","Brashard Smith","RB","KC","0","0.2","1.3","6.6","6.6","5.1","13.1","0.8","0.7","BYE","2.8","6.6","","","","","","","4","43.8"
"297","Tyler Shough","QB","NO","-","-","0","-","-","-","-","5.3","10.2","19","BYE","8.9","","","","","","","8.7","43.5"
"298","Tommy Tremble","TE","CAR","1.2","5","3.6","15.2","1.7","7.9","1","1.4","0","0","6.4","0","","","","","","","3.6","43.4"
"298","Ollie Gordon II","RB","MIA","1.3","2.3","9.8","1","-0.2","1.2","2.3","13.6","1.9","-0.3","10.5","BYE","","","","","","","3.9","43.4"
"300","Austin Hooper","TE","NE","2","6.8","4.8","3.4","0","1.5","9.1","5.8","3","0","-","6.9","","","","","","","3.9","43.3"
"301","Jaylin Lane","WR","WAS","2.1","1.2","6.8","3.8","2.6","5.4","9","1","3.9","5.1","2.3","BYE","","","","","","","3.9","43.2"
"302","Ja'Tavion Sanders","TE","CAR","4.7","12.4","3.1","-","-","-","0","4.9","1.5","8.2","6.2","1.6","","","","","","","4.7","42.6"
"303","Isaiah Davis","RB","NYJ","1.8","1.6","0","4.7","6.3","1.1","5.2","17.9","BYE","2.1","1.1","0.7","","","","","","","3.9","42.5"
"303","Emari Demercado","RB","ARI","0","0","0","10.1","6.1","0.1","-","BYE","8.8","13.4","4","-","","","","","","","4.7","42.5"
"303","Cole Kmet","TE","CHI","4.1","4.9","8","7.6","BYE","1","2.6","-","2","1.5","9.5","1.3","","","","","","","4.3","42.5"
"306","New York Jets","DST","NYJ","3","0","9","0","-3","9","6","-3","BYE","19","1","1","","","","","","","3.8","42"
"307","Dawson Knox","TE","BUF","4","3.9","0","0","3.5","8.9","BYE","2.5","4","6.7","3.3","4.7","","","","","","","3.8","41.5"
"308","Dontayvion Wicks","WR","GB","5","8.4","4.1","3.9","BYE","3.5","1.5","-","-","7.8","1.9","5.2","","","","","","","4.6","41.3"
"309","Kyle Juszczyk","RB","SF","5.2","1.5","7.1","6.2","5","1.9","1.8","1.4","2.2","2.8","4.6","0","","","","","","","3.3","39.7"
"310","Terry McLaurin","WR","WAS","4.7","9.8","10.4","-","-","-","-","14.4","-","-","-","BYE","","","","","","","9.8","39.3"
"311","Jalen Tolbert","WR","DAL","1","3.6","7.4","10.1","0","1.8","2.6","12.7","0","BYE","0","-","","","","","","","3.9","39.2"
"312","Graham Gano","K","NYG","8","13","3","-","-","-","-","9","6","-","-","-","","","","","","","7.8","39"
"313","Roman Wilson","WR","PIT","0","1.7","0","0","BYE","2.2","3.7","17.4","-0.6","11.5","2.7","0","","","","","","","3.5","38.6"
"314","John Metchie III","WR","NYJ","0","1","1.8","3","0","0","-","0","BYE","0.6","13.5","18.5","","","","","","","3.8","38.4"
"315","Daniel Bellinger","TE","NYG","2.4","0","1.6","2.3","9.2","0","17.8","3.1","-","1.8","0","0","","","","","","","3.5","38.2"
"316","Kalif Raymond","WR","DET","3.6","3.3","1.4","9.3","0","0","4.7","BYE","0","9.9","0","5.7","","","","","","","3.4","37.9"
"317","Elijah Arroyo","TE","SEA","1.7","5.1","0","6.4","2","1.6","6.2","BYE","10.9","1.5","0","1.5","","","","","","","3.4","36.9"
"318","Brock Wright","TE","DET","0","11.8","0","0","8.9","0","5.3","BYE","2.1","0","2.8","5.9","","","","","","","3.3","36.8"
"319","Chris Moore","WR","WAS","4.4","-","4.5","0.9","0","13.6","7.9","0","0","0","4.8","BYE","","","","","","","3.6","36.1"
"320","Jerome Ford","RB","CLE","1.5","10.4","5","1.3","5.8","8","3","0.9","BYE","0.1","0.2","-0.3","","","","","","","3.3","35.9"
"321","Hunter Renfrow","WR","CAR","3.1","23.8","2.6","3","1.7","1.7","-","-","-","-","-","-","","","","","","","6","35.9"
"321","Jackson Hawes","TE","BUF","3.9","1.5","7.5","2.5","0","0","BYE","3.5","2.8","9.6","0","4.6","","","","","","","3.3","35.9"
"323","Tre Harris","WR","LAC","2.1","5.4","0","0","0","6.7","4.3","8.8","3.8","2.4","2.2","BYE","","","","","","","3.2","35.7"
"324","Brandin Cooks","WR","BUF","5.6","4.6","5.4","5.2","1.5","3.1","1.3","5.2","3.6","0","-","-","","","","","","","3.6","35.5"
"325","Trey Benson","RB","ARI","8.5","8.4","8.1","10.4","-","-","-","BYE","-","-","0","-","","","","","","","7.1","35.4"
"325","Jahan Dotson","WR","PHI","8.9","1.4","1.7","0","3.4","2.7","0","11","BYE","0","6.3","0","","","","","","","3.2","35.4"
"327","Jake Moody","K","WAS","5","-","-","-","-","16","14","-","-","-","-","BYE","","","","","","","11.7","35"
"328","Mitchell Evans","TE","CAR","0","1.9","1.9","11.3","7.4","3.1","4.4","0","0","0","4.8","0","","","","","","","2.9","34.8"
"329","Tyler Johnson","WR","NYJ","5.1","0","5.2","-","0","0","9","15.4","BYE","0","0","-","","","","","","","3.9","34.7"
"330","Tyrell Shavers","WR","BUF","0","0","4.4","0","0","5.7","BYE","0","1.7","3.4","19","0","","","","","","","3.1","34.2"
"331","Mike Evans","WR","TB","10.1","10.6","13.3","-","-","-","0","-","BYE","-","-","-","","","","","","","8.5","34"
"332","Samaje Perine","RB","CIN","2.6","0","0.1","0.4","4.9","5.2","3.1","17","0.5","BYE","-","-","","","","","","","3.8","33.8"
"333","James Conner","RB","ARI","14.4","12.2","6.7","-","-","-","-","BYE","-","0","-","-","","","","","","","8.3","33.3"
"334","Kendre Miller","RB","NO","2.4","2","5.6","12.5","5.9","4.2","0.7","-","-","-","BYE","-","","","","","","","4.8","33.3"
"335","Zane Gonzalez","K","ATL","-","-","-","-","BYE","-","-","-","-","6","12","15","","","","","","","11","33"
"335","Cincinnati Bengals","DST","CIN","7","5","-1","1","2","3","3","-4","6","BYE","1","10","","","","","","","3","33"
"337","Isaiah Bond","WR","CLE","1.5","2.5","3.6","8.8","4.9","2.9","0","0","BYE","-","0.8","7.8","","","","","","","3.3","32.8"
"338","Hunter Long","TE","JAC","7.6","0","3.2","11.3","1.3","3.9","3.6","BYE","1.6","-","-","-","","","","","","","4.1","32.5"
"339","New York Giants","DST","NYG","3","1","2","7","1","8","1","0","3","0","2","4","","","","","","","2.7","32"
"340","Jeremy Ruckert","TE","NYJ","3.6","7.5","0","3.3","6.8","0","0","3.4","BYE","1","6.3","0","","","","","","","2.9","31.9"
"341","Jordan Whittington","WR","LAR","0.5","6.2","3.4","1.7","5.3","5.3","2.9","BYE","0","0","1.9","4.7","","","","","","","2.9","31.9"
"342","Demarcus Robinson","WR","SF","-","-","-","3","6.9","6.4","0","4.5","0","6.4","2.3","1.8","","","","","","","3.5","31.3"
"343","Jalen Coker","WR","CAR","-","-","-","-","-","-","0","6.6","1.9","5.1","11.2","6.2","","","","","","","5.2","31"
"344","Adonai Mitchell","WR","NYJ","4.1","4","0","10.6","0","-","1.8","0","1.7","-","2","6.2","","","","","","","3","30.4"
"345","Zay Jones","WR","ARI","1.4","0","4.5","-","2.8","12.9","8.7","BYE","0","0","-","-","","","","","","","3.8","30.3"
"346","Elijah Higgins","TE","ARI","1.3","6.5","1.7","0","3","5.4","1.3","BYE","6","3.9","1.1","0","","","","","","","2.7","30.2"
"347","Luke Farrell","TE","SF","1.4","9.5","0","2","1.8","0","2.1","0","1.9","9.5","0","1.3","","","","","","","2.5","29.5"
"348","Noah Gray","TE","KC","1.3","1.1","4.7","1.1","0","4.5","3.8","4.3","0","BYE","2.9","5.5","","","","","","","2.7","29.2"
"349","Younghoe Koo","K","NYG","9","-","-","-","-","-","-","-","-","8","2","10","","","","","","","7.3","29"
"350","Elijah Moore","WR","BUF","2.1","10.7","6.1","0","-","0","BYE","2.4","3.8","2.8","-","0.7","","","","","","","3.2","28.6"
"351","Zavier Scott","RB","MIN","-","-","6","16.4","-0.2","BYE","1.6","4.4","0","-","-","-","","","","","","","4.7","28.2"
"352","Charlie Kolar","TE","BAL","0","0","4.2","0","2","0","BYE","8","10.3","3.3","0","0","","","","","","","2.5","27.8"
"353","Tim Patrick","WR","JAC","0","0","2.6","0.9","0","9.6","3.2","BYE","-","0","11","0","","","","","","","2.7","27.3"
"354","Miles Sanders","RB","DAL","4","9.9","8.3","4.5","-","-","-","-","-","BYE","-","-","","","","","","","6.7","26.7"
"355","Tutu Atwell","WR","LAR","1.4","0","0","15.8","9.2","-","0","BYE","-","-","-","-","","","","","","","4.4","26.4"
"356","Adam Trautman","TE","DEN","1.5","10","0","5.2","2.1","0","0","0","4.5","1.2","1.8","BYE","","","","","","","2.4","26.3"
"357","Tanner Hudson","TE","CIN","-","-","-","0","0","11","-","1.9","6.2","BYE","5.2","1.9","","","","","","","3.7","26.2"
"358","Kirk Cousins","QB","ATL","-","-","1.2","-","BYE","-","-","7.1","-","-","2.1","15.5","","","","","","","6.5","25.9"
"359","Isaiah Likely","TE","BAL","-","-","-","0","2.2","2.6","BYE","2.8","9","3.7","3.5","2","","","","","","","3.2","25.8"
"360","Luke Musgrave","TE","GB","1.4","5.2","0","1.6","BYE","1.7","0","1.5","6.4","5.3","0.9","1.7","","","","","","","2.3","25.7"
"361","Brycen Tremayne","WR","CAR","0","7.8","3.5","6.6","1.9","0","0","0","1.8","-","3.7","0","","","","","","","2.3","25.3"
"362","Josh Oliver","TE","MIN","1.5","0","8.2","0","11.5","BYE","1.9","0","-","-","0.7","1.4","","","","","","","2.8","25.2"
"363","Devontez Walker","WR","BAL","-","16.6","4.4","0","0","-","BYE","-","-","-","0","4","","","","","","","4.2","25"
"364","Mitch Tinsley","WR","CIN","0","8.3","0","1.9","-","-","-","-","3.7","BYE","0","10.9","","","","","","","3.5","24.8"
"364","Terrance Ferguson","TE","LAR","-","0","-","-","3.1","0","10.1","BYE","7.4","4.2","0","0","","","","","","","3.1","24.8"
"366","Savion Williams","WR","GB","1.1","2.4","-0.1","5.3","BYE","0.3","0","7.9","1.2","2.2","4.3","0","","","","","","","2.2","24.6"
"367","Devin Neal","RB","NO","0.9","-","-","-","-","-","0.1","4.1","2.2","6.1","BYE","11.1","","","","","","","4.1","24.5"
"367","Raheem Mostert","RB","LV","-","-","-","8.3","2.2","-0.4","1.2","BYE","2.4","2.5","3.3","5","","","","","","","3.1","24.5"
"369","Devaughn Vele","WR","NO","2.3","7.3","-","0","3.3","0","0","2","0","2.5","BYE","6.7","","","","","","","2.4","24.1"
"370","Tyler Huntley","QB","BAL","-","-","-","-","-","6.6","BYE","16.7","-","-","-","-","","","","","","","11.7","23.4"
"371","Antonio Gibson","RB","NE","0.3","9.8","0.8","8.7","3.6","-","-","-","-","-","-","-","","","","","","","4.6","23.2"
"372","Josh Reynolds","WR","NYJ","3.8","-","-","0","7.9","5.5","5.9","-","BYE","-","-","-","","","","","","","4.6","23.1"
"373","Isaiah Hodgins","WR","NYG","-","-","-","-","-","-","-","-","-","-","10.7","12.2","","","","","","","11.5","22.9"
"374","Keaton Mitchell","RB","BAL","-","-","-","-","2.3","0","BYE","4.3","2.8","3.1","7.4","2.9","","","","","","","3.3","22.8"
"375","Isaac TeSlaa","WR","DET","8.3","3.9","0","0","8.2","0","0","BYE","0","2.1","0","0","","","","","","","2","22.5"
"376","Ray Davis","RB","BUF","1.1","2.4","0","0.3","0.1","9.9","BYE","1.6","0","0.8","0","6","","","","","","","2","22.2"
"377","Julian Hill","TE","MIA","2","0","1.4","2.9","6.2","6.1","1.1","-","-","-","2.4","BYE","","","","","","","2.8","22.1"
"378","Lucas Havrisik","K","GB","-","-","-","-","BYE","10","11","-","-","-","1","-","","","","","","","7.3","22"
"378","Harrison Mevis","K","LAR","-","-","-","-","-","-","-","BYE","-","6","3","13","","","","","","","7.3","22"
"378","Matthew Wright","K","FA","-","-","-","-","-","5","-","1","-","4","12","-","","","","","","","5.5","22"
"381","Mike Gesicki","TE","CIN","2.4","4.8","1.6","1.8","3.5","0","-","-","-","BYE","-","7.5","","","","","","","3.1","21.6"
"382","Hunter Luepke","RB","DAL","0","0","0","0.6","2","8.7","1.3","0.2","0","BYE","7.1","1.7","","","","","","","2","21.6"
"383","Curtis Samuel","WR","BUF","-","-","-","1.9","10.6","-","BYE","0","1.6","3.1","3.9","-","","","","","","","3.5","21.1"
"384","Kyle Williams","WR","NE","2.2","0","1.8","-0.2","0","0","0","0","0","14.2","0","2.8","","","","","","","1.7","20.8"
"384","George Holani","RB","SEA","0","6","4.2","0","0","0","0","BYE","0.9","9.1","0.6","-","","","","","","","2.1","20.8"
"386","Jamari Thrash","WR","CLE","1.6","1.5","2.7","0","3.2","3.3","3.3","5.1","BYE","0","-","-","","","","","","","2.3","20.7"
"387","Tyler Badie","RB","DEN","3.6","4.2","0","2.1","2.6","-","3.9","0.6","2.6","0","1","BYE","","","","","","","2.1","20.6"
"388","Ashton Dulin","WR","IND","1.5","0","0","2.8","7.5","0","-","0.2","0","2.2","BYE","5.8","","","","","","","2","20"
"389","Nick Westbrook-Ikhine","WR","MIA","1.7","3.8","0","1.1","0","0","4.6","2.8","4.2","1.7","0","BYE","","","","","","","1.8","19.9"
"390","Allen Lazard","WR","NYJ","-","0","9.3","1.8","1.3","-","3.6","1.5","BYE","-","-","1.9","","","","","","","2.8","19.4"
"391","Jimmy Horn Jr.","WR","CAR","-","-","-","-","5.1","6.7","2.5","0.9","1.8","0","0","2.1","","","","","","","2.4","19.1"
"392","Ian Thomas","TE","LV","0","0","0","0","5","1.4","0","BYE","1.9","0","3","7.6","","","","","","","1.7","18.9"
"393","Tank Bigsby","RB","PHI","1.2","-","0","0","0","0","2","10.4","BYE","0.7","3.4","0.8","","","","","","","1.9","18.5"
"394","Taysom Hill","TE","NO","-","-","-","-","0.7","6.1","2.8","2.2","3","2","BYE","1.7","","","","","","","2.6","18.5"
"395","Dont'e Thornton Jr.","WR","LV","6.5","3","4.9","0","0","0","0","BYE","-","1.4","0","2.4","","","","","","","1.8","18.2"
"396","Tanner Conner","TE","MIA","4","0","2.3","0","3.6","1.8","3.8","2.6","0","-","-","BYE","","","","","","","2","18.1"
"396","LeQuint Allen Jr.","RB","JAC","2.1","1.3","1.9","1.7","0","2.2","1.4","BYE","2.1","1.6","3.6","0.2","","","","","","","1.6","18.1"
"398","Mason Rudolph","QB","PIT","-","0.5","-","-","BYE","0","-","-","-","-","9","8.5","","","","","","","4.5","18"
"398","Ameer Abdullah","RB","IND","-","-","-","-","6.6","2.6","3.7","1.8","1.5","1.8","BYE","0","","","","","","","2.6","18"
"400","Kameron Johnson","WR","TB","0","0","0","0","0.2","16.4","0","0","BYE","1.1","0","0","","","","","","","1.6","17.7"
"401","Johnny Mundt","TE","JAC","0","0","1.7","0","1.7","2.4","1.9","BYE","0","3.1","4.5","2.2","","","","","","","1.6","17.5"
"402","Jack Bech","WR","LV","3.3","0","2","0","5.7","0","3.3","BYE","0","0","2.9","0","","","","","","","1.6","17.2"
"403","Chris Brooks","RB","GB","1.3","5.7","0","1.1","BYE","0.1","0","0","4.4","0","0.8","3.6","","","","","","","1.5","17"
"403","David Sills V","WR","ATL","0","0","1.9","0","BYE","0","0","3.4","0","0","2.1","9.6","","","","","","","1.5","17"
"403","John FitzPatrick","TE","GB","1.2","0","9.2","0","BYE","0","1.6","1.4","0","0","1.5","2.1","","","","","","","1.5","17"
"406","Greg Dulcich","TE","MIA","-","-","-","-","-","-","-","0","9.9","3.2","3.8","BYE","","","","","","","4.2","16.9"
"406","Adam Thielen","WR","MIN","2","4.6","0","3.1","0","BYE","2","0","0","3.6","1.6","0","","","","","","","1.5","16.9"
"408","Nate Adkins","TE","DEN","-","-","0","2.5","0","10.3","4","0","-","-","-","BYE","","","","","","","2.8","16.8"
"409","Joe Burrow","QB","CIN","8.8","7","-","-","-","-","-","-","-","BYE","-","-","","","","","","","7.9","15.9"
"410","Tyler Conklin","TE","LAC","7.2","0","0","1.3","5","0","-","0","-","2.2","-","BYE","","","","","","","2","15.7"
"411","Isaiah Williams","WR","NYJ","-","0","0","-2","-","0","0","8.6","BYE","7.4","1.6","0","","","","","","","1.7","15.6"
"412","Xavier Smith","WR","LAR","4.6","0","0","0","0","0","3.5","BYE","3.2","2.4","1.8","-","","","","","","","1.6","15.5"
"413","Casey Washington","WR","ATL","6.3","-","-","2.9","BYE","0","2.7","3.5","-","0","0","-","","","","","","","2.2","15.4"
"414","Braelon Allen","RB","NYJ","6.9","1.1","6.7","0.6","-","-","-","-","BYE","-","-","-","","","","","","","3.8","15.3"
"415","Malachi Corley","WR","CLE","-","-","-","-","1.1","0","3.7","3.1","BYE","3.2","2.9","1.2","","","","","","","2.2","15.2"
"415","Terrell Jennings","RB","NE","-","-","-","-","-","-","1.8","1.5","11.4","0.5","-","0","","","","","","","3","15.2"
"417","Jude McAtamney","K","FA","-","-","-","7","2","4","2","-","-","-","-","-","","","","","","","3.8","15"
"418","Gunner Olszewski","WR","NYG","0","0","0","0","0","0","0","0","9.4","0","0","5.3","","","","","","","1.2","14.7"
"419","Ben Skowronek","WR","PIT","9.2","0","0","0","BYE","0","0","2.3","0","0","0","3.1","","","","","","","1.3","14.6"
"419","Malik Heath","WR","GB","0","4.7","0","1.9","BYE","0","0","5.9","2.1","0","-","0","","","","","","","1.5","14.6"
"421","Tylan Wallace","WR","BAL","0","10.5","0","2.4","0","0","BYE","1.6","0","0","0","0","","","","","","","1.3","14.5"
"422","Drew Sample","TE","CIN","0","1.7","10","0","0.9","0.8","0","0","0","BYE","0","1","","","","","","","1.3","14.4"
"423","Luke Schoonmaker","TE","DAL","0","0","1.5","2.8","1.3","1.8","0","4.5","2.4","BYE","0","0","","","","","","","1.3","14.3"
"424","Chris Godwin Jr.","WR","TB","-","-","-","5.6","5.6","-","-","-","BYE","-","-","2.9","","","","","","","4.7","14.1"
"425","Ray-Ray McCloud III","WR","NYG","8.1","0","4","0.3","-","-","-","-","1.5","0","-","-","","","","","","","2.3","13.9"
"426","Shedeur Sanders","QB","CLE","-","-","-","-","-","-","-","-","BYE","-","2.5","11.3","","","","","","","6.9","13.7"
"426","Konata Mumpfield","WR","LAR","0","0","0","0","0","1.7","7.5","BYE","0","0","0","4.5","","","","","","","1.2","13.7"
"428","Jayden Reed","WR","GB","13.5","0","-","-","BYE","-","-","-","-","-","-","-","","","","","","","6.8","13.5"
"429","Jack Stoll","TE","NO","0","0","10.1","1.7","0","0","0","0","0","-","BYE","1.7","","","","","","","1.4","13.5"
"430","Brevyn Spann-Ford","TE","DAL","0","1.3","0","0","0","1.2","0","1.9","0","BYE","1.4","7.4","","","","","","","1.2","13.2"
"431","Austin Ekeler","RB","WAS","8.7","4.4","-","-","-","-","-","-","0","-","-","BYE","","","","","","","4.4","13.1"
"432","Cody White","WR","SEA","0","-","-","-","-","-","-","BYE","13","0","0","0","","","","","","","2.6","13"
"433","Andrew Beck","TE","NYJ","0","0","0","0","7.1","1.6","0","1.9","BYE","0","0","2","","","","","","","1.1","12.6"
"434","Ben Sinnott","TE","WAS","0","1.7","0","0","0","0","0","3.2","0","7.4","-","BYE","","","","","","","1.2","12.3"
"435","John Bates","TE","WAS","0","0","-","-","1.9","0","1.5","3.2","4","1.6","0","BYE","","","","","","","1.4","12.2"
"436","Arian Smith","WR","NYJ","0","0.8","2.2","0","2.4","0","1","3.3","BYE","1.3","0","0.8","","","","","","","1.1","11.8"
"437","Najee Harris","RB","LAC","2","6.8","2.8","-","-","-","-","-","-","-","-","BYE","","","","","","","3.9","11.6"
"438","Ryan Miller","WR","TB","0","9","0","0","0","0","2.4","0","BYE","0","0","0","","","","","","","1","11.4"
"439","Will Shipley","RB","PHI","2.6","-","-","0","1.4","0","1.7","0.2","BYE","5.4","0","0","","","","","","","1.3","11.3"
"440","Treylon Burks","WR","WAS","-","-","-","-","-","-","-","-","2.4","8.8","-","BYE","","","","","","","5.6","11.2"
"441","Mo Alie-Cox","TE","IND","3","1.8","0","0","0","2.6","1.6","0","0","0","BYE","1.9","","","","","","","1","10.9"
"442","Connor Heyward","TE","PIT","0","1.6","0","0.2","BYE","8.2","0","0","0.4","0","0.3","0","","","","","","","1","10.7"
"443","Andy Dalton","QB","CAR","-","-","-0.1","6.3","-","-","2.2","2.1","-","-","-","-","","","","","","","2.6","10.5"
"443","Skyy Moore","WR","SF","0","0","2","0","0.1","0","2.5","0","3.1","2.8","0","0","","","","","","","0.9","10.5"
"445","Robbie Chosen","WR","WAS","-","-","-","-","-","-","7.6","-","-","2.7","0","BYE","","","","","","","3.4","10.3"
"446","Trevor Etienne","RB","CAR","0.4","1.2","-2","3.3","3.9","1.7","0","1.6","0","0","0.2","0","","","","","","","0.9","10.3"
"447","Gabe Davis","WR","BUF","-","-","-","-","-","-","BYE","-","-","-","7","3.2","","","","","","","5.1","10.2"
"448","Grant Calcaterra","TE","PHI","0","1.6","0","2.6","3.8","-","-","0","BYE","0","0","1.8","","","","","","","1.1","9.8"
"449","Braxton Berrios","WR","HOU","-","-","-","-","-","BYE","0.9","8.8","0","0","-","-","","","","","","","2.4","9.7"
"449","Brittain Brown","RB","CHI","-","-","-","-","BYE","-","-","-","9.7","-","-","-","","","","","","","9.7","9.7"
"451","Lil'Jordan Humphrey","WR","DEN","-","-","-","-","-","9.5","0","0","-","-","0","BYE","","","","","","","2.4","9.5"
"451","Alec Ingold","RB","MIA","1.1","3.3","0","0","0","3.5","0","1","0","0.6","0","BYE","","","","","","","0.9","9.5"
"453","Drew Ogletree","TE","IND","0","0","0","0","0","0","0","0","0","0","BYE","8.8","","","","","","","0.8","8.8"
"454","Albert Okwuegbunam Jr.","TE","LV","-","-","-","-","8.6","-","-","BYE","-","-","-","-","","","","","","","8.6","8.6"
"455","Jalin Hyatt","WR","NYG","-","-","0","0","0","4.7","0","-","0","-","3.8","-","","","","","","","1.2","8.5"
"456","Jaleel McLaughlin","RB","DEN","-","-","-","-","-","0","-","-","-","-","8.4","BYE","","","","","","","4.2","8.4"
"456","Dare Ogunbowale","RB","HOU","2.6","0","0","0","0","BYE","0","2.7","1.2","0","1.9","0","","","","","","","0.8","8.4"
"458","Hassan Haskins","RB","LAC","0","0","0","0","2.5","3.3","2.5","-","0","0","-","BYE","","","","","","","0.9","8.3"
"458","Josh Whyle","TE","GB","-","-","-","-","BYE","-","-","-","-","0","7.2","1.1","","","","","","","2.8","8.3"
"458","Will Dissly","TE","LAC","2.8","1.7","-","-","-","3.8","0","-","-","-","-","BYE","","","","","","","2.1","8.3"
"458","Charlie Woerner","TE","ATL","0","0","0.5","0","BYE","0","0","0","0","2.4","0","5.4","","","","","","","0.8","8.3"
"462","Dee Eskridge","WR","MIA","1.9","1.8","0","0","0","0","4.5","0","0","-","-","BYE","","","","","","","0.9","8.2"
"463","Jaydon Blue","RB","DAL","-","-","-","-","0.7","0","4.4","2.9","-","BYE","-","-","","","","","","","2","8"
"463","Marquez Valdes-Scantling","WR","PIT","0","0","1.9","-","1.9","4.2","-","-","-","-","-","-","","","","","","","1.6","8"
"465","A.J. Dillon","RB","PHI","1","1.9","0","1.7","1.2","2","-","-","BYE","-","-","-","","","","","","","1.3","7.8"
"466","Adam Prentice","RB","DEN","1.4","0","0","0.4","0.8","0.3","0","0","0.2","2.3","2.4","BYE","","","","","","","0.7","7.8"
"467","Kaleb Johnson","RB","PIT","-0.2","0.1","-","2.2","BYE","1.5","-","-","2.3","0.3","1.5","-","","","","","","","1.1","7.7"
"468","Austin Trammell","WR","JAC","-","-","-","-","-","-","-","BYE","0","5.3","2.3","0","","","","","","","1.9","7.6"
"469","Jaret Patterson","RB","LAC","-","-","-","-","-","-","-","3","4.4","0.1","-","BYE","","","","","","","2.5","7.5"
"470","Zamir White","RB","LV","0.8","3.3","3.3","-","-","-","-","BYE","-","-","-","-","","","","","","","2.5","7.4"
"471","James Proche II","WR","TEN","-","-","-","-","-","-","-","0","0","BYE","-","7.2","","","","","","","2.4","7.2"
"472","Cam Akers","RB","FA","-","-","1.9","-","5.3","-","-","-","-","-","-","-","","","","","","","3.6","7.2"
"473","David Martin-Robinson","TE","TEN","0","-","0","-","0","7.1","0","0","0","BYE","0","0","","","","","","","0.8","7.1"
"474","Joe Milton III","QB","DAL","-","-","0.6","-","-","-","-","6.3","-","BYE","-","-","","","","","","","3.5","7"
"475","Dareke Young","WR","SEA","-","0","2.2","0","4.6","0","0","BYE","-","-","-","-","","","","","","","1.1","6.8"
"475","Bo Melton","WR","GB","0","-","0","0","BYE","0.3","0","0","0","4.8","1.7","0","","","","","","","0.7","6.8"
"477","Noah Brown","WR","WAS","4.7","1.9","-","-","-","-","-","-","-","-","-","BYE","","","","","","","3.3","6.6"
"477","DJ Giddens","RB","IND","4.1","0","0.3","0","2.2","0","0","-","-","-","BYE","-","","","","","","","0.9","6.6"
"479","Malik Willis","QB","GB","-","-","-","-","BYE","-","-","-","-","-","5.8","0.6","","","","","","","3.2","6.4"
"480","Raheim Sanders","RB","CLE","6.3","-","-","-","-","-","-","-","BYE","-","-","0","","","","","","","3.2","6.3"
"480","Mason Tipton","WR","NO","-","-","0","0","0","0","0","0","0","0","BYE","6.3","","","","","","","0.7","6.3"
"482","Cade Stover","TE","HOU","6.2","-","-","-","-","BYE","-","-","-","-","0","0","","","","","","","2.1","6.2"
"483","KhaDarel Hodge","WR","ATL","0","0","0","-","BYE","0","0","6.1","0","0","0","0","","","","","","","0.6","6.1"
"484","Kene Nwangwu","RB","NYJ","0","-","-","-","-","0","0","-","BYE","6","0","0","","","","","","","1","6"
"484","Justin Watson","WR","HOU","4.7","1.3","-","-","-","BYE","-","-","-","-","-","-","","","","","","","3","6"
"484","Charlie Jones","WR","CIN","0","0","0","0","0","0","0","0","6","BYE","0","0","","","","","","","0.5","6"
"487","Jaylen Wright","RB","MIA","-","-","-","-","-","-","0","3.8","0","1.7","0.4","BYE","","","","","","","1.2","5.9"
"488","James Mitchell","TE","CAR","-","-","-","3.7","2.1","0","-","-","-","-","-","-","","","","","","","1.9","5.8"
"489","Cooper Rush","QB","BAL","-","-0.4","-","2.1","4.2","-0.1","BYE","-","-","-","-","-","","","","","","","1.4","5.7"
"490","Foster Moreau","TE","NO","-","-","-","-","0","1.9","0","0","0","3.6","BYE","0","","","","","","","0.8","5.5"
"491","Xavier Weaver","WR","ARI","-","-","-","0","-","-","0","BYE","0","-","3.5","1.9","","","","","","","1.1","5.4"
"492","Dylan Laube","RB","LV","0","3.7","0.2","0","0","0","1.4","BYE","0","0","0","0","","","","","","","0.5","5.3"
"493","Trent Sherfield Sr.","WR","ARI","1.3","1.3","0","0","2.5","0","0","0","0","0","-","-","","","","","","","0.5","5.1"
"494","Malik Davis","RB","DAL","-","-","-","-","-","-","0","0.3","0.3","BYE","2","2.4","","","","","","","1","5"
"495","Dylan Drummond","WR","ATL","-","-","-","-","BYE","-","-","0","0","-","-","4.8","","","","","","","1.6","4.8"
"495","Tip Reiman","TE","ARI","2","0","2.8","0","0","-","-","BYE","-","-","-","-","","","","","","","1","4.8"
"497","Xavier Restrepo","WR","TEN","-","-","-","-","-","-","-","-","-","BYE","-","4.6","","","","","","","4.6","4.6"
"497","Jordan Watkins","WR","SF","-","-","-","-","-","-","-","1.7","2.9","0","-","-","","","","","","","1.5","4.6"
"499","Gage Larvadain","WR","CLE","-","-","-","-","0","4.2","0","0.3","BYE","0","0","0","","","","","","","0.6","4.5"
"499","Beaux Collins","WR","NYG","0","0","0","0","1.7","0","0","2.8","0","-","-","-","","","","","","","0.5","4.5"
"501","Trey Lance","QB","LAC","-","-","-","-","2.9","-","-","-","-","-","1.6","BYE","","","","","","","2.2","4.4"
"502","Brenden Bates","TE","CLE","-","-","-","0","4.3","-","0","-","BYE","-","0","0","","","","","","","0.9","4.3"
"502","Tay Martin","WR","FA","-","-","-","2.4","1.9","0","-","-","-","-","-","-","","","","","","","1.4","4.3"
"504","Nikko Remigio","WR","KC","0","3.1","1.1","0","0","0","0","0","0","BYE","0","0","","","","","","","0.4","4.2"
"504","Clyde Edwards-Helaire","RB","KC","-","-","-","-","-","-","-","-","0.5","BYE","-","3.7","","","","","","","2.1","4.2"
"506","Kylen Granson","TE","PHI","1.1","1.5","0","0","0","0","0","0","BYE","0","1.4","0","","","","","","","0.4","4"
"506","Jared Wayne","WR","HOU","-","-","-","-","-","BYE","-","4","-","-","-","-","","","","","","","4","4"
"506","Jake Bobo","WR","SEA","-","0","0","2.7","0","0","1.3","BYE","-","-","-","0","","","","","","","0.6","4"
"506","Tyler Goodson","RB","IND","-","-","0.6","1","-","-","-","0.2","1.8","0.4","BYE","0","","","","","","","0.7","4"
"506","Nathan Carter","RB","ATL","-","0","2.6","-","BYE","-","-","1.4","-","-","-","-","","","","","","","1.3","4"
"511","Tucker Fisk","TE","LAC","-","-","0","0","0","0","0","0","2.2","1.7","0","BYE","","","","","","","0.4","3.9"
"511","Julius Chestnut","RB","TEN","0.2","0","2.6","0","0.3","0","0","0.5","0","BYE","0","0.3","","","","","","","0.4","3.9"
"513","Zaire Mitchell-Paden","TE","NO","0","0","0","0","1.3","0","-","-","-","2.4","BYE","0","","","","","","","0.5","3.7"
"514","Lucas Krull","TE","DEN","1.6","0","1.9","-","-","-","-","0","-","-","-","BYE","","","","","","","0.9","3.5"
"515","Durham Smythe","TE","CHI","0","0","0","0","BYE","0","0","0","0","0","1.8","1.4","","","","","","","0.3","3.2"
"516","Rasheen Ali","RB","BAL","0.5","0","0","0","0","0","BYE","0","0","-","2.5","-","","","","","","","0.3","3"
"517","Cedrick Wilson Jr.","WR","MIA","-","-","-","-","-","-","-","1.2","1.7","0","0","BYE","","","","","","","0.7","2.9"
"518","Teddy Bridgewater","QB","TB","-","-","-","-","-","-","-0.1","0","BYE","-","-0.1","3.1","","","","","","","0.7","2.9"
"519","Tahj Brooks","RB","CIN","0","0","1.7","0","-","-","0","0","0.1","BYE","0.5","0.5","","","","","","","0.3","2.8"
"520","David Moore","WR","CAR","0","0","1.5","1.2","-","-","-","-","-","-","-","-","","","","","","","0.7","2.7"
"520","Darius Cooper","WR","PHI","0","0","0","-","-","-","-","0","BYE","0","0","2.7","","","","","","","0.4","2.7"
"520","Harrison Bryant","TE","HOU","-","0","0","0","1.5","BYE","0","0","1.2","0","-","-","","","","","","","0.3","2.7"
"523","Dameon Pierce","RB","KC","0.5","-","-","-","2.1","-","-","0","-","0","-","-","","","","","","","0.7","2.6"
"524","Tyson Bagent","QB","CHI","-","1.8","-","-","BYE","-","-","-","0.8","-","0","-","","","","","","","0.9","2.6"
"525","Tim Jones","WR","JAC","0","0","-","-","-","-","-","BYE","2.5","0","-","-","","","","","","","0.6","2.5"
"526","Dante Pettis","WR","NO","-","-","-","-","-","-","-","-","-","0","BYE","2.4","","","","","","","1.2","2.4"
"526","Mason Kinsey","WR","TEN","-","-","-","-","-","-","0","0","0","BYE","2.4","0","","","","","","","0.5","2.4"
"526","Blake Whiteheart","TE","CLE","0","0","0","0","0","1","1.4","0","BYE","0","-","0","","","","","","","0.2","2.4"
"529","Mitchell Trubisky","QB","BUF","-","1","-","-","-","-","BYE","0.9","-","0.4","-","-","","","","","","","0.8","2.3"
"530","Eric Saubert","TE","SEA","0","0","2.2","0","0","0","0","BYE","-","-","-","-","","","","","","","0.3","2.2"
"531","Anthony Richardson Sr.","QB","IND","-","-","-0.1","-","2.3","-","-","-","-","-","BYE","-","","","","","","","1.1","2.2"
"532","Quinn Ewers","QB","MIA","-","-","-","-","-","-","2.1","-","-","-","-","BYE","","","","","","","2.1","2.1"
"532","Quintin Morris","TE","JAC","-","0","-","0","0","0","-","BYE","-","0","2.1","0","","","","","","","0.3","2.1"
"534","Jacardia Wright","RB","SEA","-","-","2","-","-","-","-","BYE","-","-","-","-","","","","","","","2","2"
"535","Alex Bachman","WR","LV","0","0","0","-","1.9","0","0","BYE","0","0","-","0","","","","","","","0.2","1.9"
"535","Tai Felton","WR","MIN","0","-","1.9","0","0","BYE","0","0","0","-","0","0","","","","","","","0.2","1.9"
"535","Scotty Miller","WR","PIT","0","0","0","0","BYE","0","1.9","-","-","-","0","0","","","","","","","0.2","1.9"
"538","Bryce Oliver","WR","TEN","1.8","0","-","-","-","-","-","-","-","BYE","-","-","","","","","","","0.9","1.8"
"539","Roschon Johnson","RB","CHI","-","0","0","0","BYE","0.6","1.1","-","-","-","0","-","","","","","","","0.3","1.7"
"539","Chris Manhertz","TE","NYG","0","0","1.7","0","0","0","0","0","0","0","0","0","","","","","","","0.1","1.7"
"541","Josiah Deguara","TE","ARI","-","0","-","-","-","-","0","BYE","0","0","0","1.6","","","","","","","0.3","1.6"
"541","Cam Grandy","TE","CIN","-","-","1.6","0","-","-","0","-","-","BYE","-","-","","","","","","","0.5","1.6"
"543","Zach Wilson","QB","MIA","1.6","-","-","-","-","-","-","0","-","-","-","BYE","","","","","","","0.8","1.6"
"544","Max Brosmer","QB","MIN","-","-","1.2","-","-0.1","BYE","-","0.5","-","-","-","-","","","","","","","0.5","1.6"
"545","Ben Yurosek","TE","MIN","0","0","0","-","-","BYE","0","1.5","0","0","0","-","","","","","","","0.2","1.5"
"545","C.J. Ham","RB","MIN","-","-","-","-","0","BYE","1.5","-","-","0","0","0","","","","","","","0.3","1.5"
"545","Andre Baccellia","WR","ARI","-","-","-","-","-","-","-","BYE","-","-","1.5","0","","","","","","","0.8","1.5"
"545","British Brooks","RB","HOU","-","-","-","0","1.5","BYE","0","0","0","0","-","0","","","","","","","0.2","1.5"
"549","Keleki Latu","TE","BUF","-","-","-","-","-","-","BYE","-","-","-","1.4","0","","","","","","","0.7","1.4"
"549","Colson Yankoff","TE","WAS","0","0","0","0","0","0","0","-","-","0","1.4","BYE","","","","","","","0.2","1.4"
"551","Anthony Gould","WR","IND","0","0","0","0","0","0","1.3","0","-","-","BYE","0","","","","","","","0.1","1.3"
"551","Carter Runyon","TE","LV","-","-","-","-","0","0","1.3","BYE","0","-","0","0","","","","","","","0.2","1.3"
"553","Devin Duvernay","WR","CHI","0","0","0","0","BYE","0","0","1.2","0","0","0","0","","","","","","","0.1","1.2"
"553","Reggie Gilliam","RB","BUF","0","0","0","0","0","0","BYE","0","0","0","0","1.2","","","","","","","0.1","1.2"
"555","Josh Williams","RB","TB","-","-","-","-","0","-","-","1.1","BYE","-","-","-","","","","","","","0.6","1.1"
"555","KeAndre Lambert-Smith","WR","LAC","0","0","-","0","0","1.1","-","-","0","-","-","BYE","","","","","","","0.2","1.1"
"555","Robert Tonyan","TE","KC","0","0","0","0","0","0","0","0","0","BYE","1.1","0","","","","","","","0.1","1.1"
"555","Jacob Saylors","RB","DET","0","0","0","1.1","0","-","0","BYE","0","-","0","0","","","","","","","0.1","1.1"
"559","Trayveon Williams","RB","LAC","-","-","-","-","-","-","-","-","-","0","0.9","BYE","","","","","","","0.5","0.9"
"560","Amar Johnson","RB","LAC","-","-","-","-","-","-","-","-","-","-","0.8","BYE","","","","","","","0.8","0.8"
"561","D'Ernest Johnson","RB","NE","-","-","-","-","-","-","0","-","-","0.1","0.6","-","","","","","","","0.2","0.7"
"562","Michael Bandy","WR","DEN","-","-","-","-","-","-","-","-","0.6","0","-","BYE","","","","","","","0.3","0.6"
"562","Owen Wright","RB","TB","-","-","-","-","-","0","-","-","BYE","-","0","0.6","","","","","","","0.2","0.6"
"564","Feleipe Franks","QB","ATL","0","-","-","0","BYE","0.2","-","0","0","0","0","0.2","","","","","","","0.1","0.4"
"564","Sione Vaki","RB","DET","-","-","0","-","-","-","-","BYE","0","0.4","-","-","","","","","","","0.1","0.4"
"564","Craig Reynolds","RB","DET","0","0.4","-","0","0","0","-","BYE","-","0","-","-","","","","","","","0.1","0.4"
"567","Patrick Ricard","RB","BAL","-","-","-","-","-","0","BYE","0","0","0.3","0","0","","","","","","","0.1","0.3"
"568","Kendall Milton","RB","CIN","-","-","-","-","-","-","-","-","-","BYE","0.2","-","","","","","","","0.2","0.2"
"569","Tahj Washington","WR","MIA","-","-","-","-","0","-","-","-","0.1","0","0","BYE","","","","","","","0","0.1"
"569","Riley Leonard","QB","IND","-","-","-","-","-","-","-","0.1","-","-","BYE","-","","","","","","","0.1","0.1"
"571","Drew Lock","QB","SEA","-","-","0.5","-","-","-","-","BYE","0","-0.4","-","-","","","","","","","0","0.1"
"572","Joshua Dobbs","QB","NE","-","-","-","-0.2","-","-","0.3","-","-","-","-","-","","","","","","","0","0.1"
"573","Robbie Ouzts","TE","SEA","0","0","0","-","-","-","-","BYE","0","0","0","0","","","","","","","0","0"
"573","Jamal Agnew","WR","ATL","0","-","-","0","BYE","0","0","0","0","0","0","0","","","","","","","0","0"
"573","Jack Westover","TE","NE","0","0","0","0","0","0","0","0","0","0","0","0","","","","","","","0","0"
"573","Eric Gray","RB","NYG","-","-","-","-","-","-","0","-","-","-","-","0","","","","","","","0","0"
"573","Jeremiah Webb","WR","NE","0","-","-","-","-","-","-","-","-","-","-","-","","","","","","","0","0"
"573","Princeton Fant","TE","DAL","-","-","-","-","-","-","-","-","0","BYE","-","-","","","","","","","0","0"
"573","Payne Durham","TE","TB","0","0","0","0","0","0","0","0","BYE","0","0","0","","","","","","","0","0"
"573","Patrick Murtagh","TE","DEN","0","-","-","-","-","-","-","-","-","-","-","BYE","","","","","","","0","0"
"573","Ko Kieft","TE","TB","0","0","0","-","-","-","-","-","BYE","-","-","-","","","","","","","0","0"
"573","Travis Vokolek","TE","ARI","0","0","-","-","0","-","-","BYE","-","-","-","-","","","","","","","0","0"
"573","Marcedes Lewis","TE","DEN","-","-","-","-","-","-","-","-","0","0","0","BYE","","","","","","","0","0"
"573","Raheem Blackshear","RB","FA","-","-","-","-","-","-","-","0","-","-","-","-","","","","","","","0","0"
"573","Brady Russell","TE","SEA","0","0","0","0","0","0","0","BYE","0","0","0","0","","","","","","","0","0"
"573","Michael Burton","RB","DEN","-","-","-","-","-","-","-","0","-","-","-","BYE","","","","","","","0","0"
"573","Brandon Smith","WR","NYJ","-","-","-","-","-","-","-","0","BYE","-","-","-","","","","","","","0","0"
"573","Ulysses Bentley IV","RB","IND","0","-","-","-","-","-","-","-","-","-","BYE","-","","","","","","","0","0"
"573","Hayden Rucci","TE","MIA","-","-","-","-","-","-","-","0","0","0","0","BYE","","","","","","","0","0"
"573","Jalen Royals","WR","KC","-","-","-","0","0","0","0","-","-","BYE","-","-","","","","","","","0","0"
"573","Stetson Bennett IV","QB","LAR","-","-","-","-","-","-","-","BYE","0","-","-","-","","","","","","","0","0"
"573","Nick Mullens","QB","JAC","-","-","-","-","-","-","-","BYE","-","-","0","-","","","","","","","0","0"
"573","Kalel Mullings","RB","TEN","-","-","-","-","-","-","-","-","-","BYE","-","0","","","","","","","0","0"
"573","Gary Brightwell","RB","CIN","-","-","-","-","-","-","-","-","-","BYE","-","0","","","","","","","0","0"
"573","Deion Hankins","RB","CHI","-","-","-","-","BYE","-","-","-","-","-","-","0","","","","","","","0","0"
"573","Chris Collier","RB","LV","-","-","-","-","-","-","-","BYE","-","-","-","0","","","","","","","0","0"
"573","Jonathan Mingo","WR","DAL","-","-","-","-","-","-","-","-","-","BYE","-","0","","","","","","","0","0"
"573","Nikola Kalinic","TE","CHI","-","-","-","-","BYE","-","-","-","-","-","-","0","","","","","","","0","0"
"573","Shane Zylstra","TE","DET","0","-","-","-","-","-","-","BYE","-","-","-","-","","","","","","","0","0"
"573","Justin Shorter","WR","LV","0","-","0","0","-","0","0","BYE","-","-","-","-","","","","","","","0","0"
"573","Chase Edmonds","RB","WAS","-","-","-","-","-","-","-","-","-","-","0","BYE","","","","","","","0","0"
"573","Elijah Mitchell","RB","KC","-","-","-","-","-","-","-","-","-","BYE","0","-","","","","","","","0","0"
"573","Pharaoh Brown","TE","ARI","-","-","-","-","-","-","-","BYE","-","-","0","0","","","","","","","0","0"
"573","Nick Kallerup","TE","SEA","-","-","-","-","-","-","-","BYE","0","0","0","0","","","","","","","0","0"
"573","Teagan Quitoriano","TE","ATL","0","0","0","0","BYE","0","-","0","-","0","0","0","","","","","","","0","0"
"573","Jakob Johnson","RB","HOU","0","0","0","-","-","BYE","-","-","-","-","0","0","","","","","","","0","0"
"573","Dalen Cambre","WR","NYG","-","-","-","-","-","-","-","-","-","-","0","0","","","","","","","0","0"
"573","Isaac Guerendo","RB","SF","0","0","0","-","0","-","0","-","0","-","0","-","","","","","","","0","0"
"573","Dan Chisena","WR","CAR","-","-","-","-","-","-","-","-","-","0","-","-","","","","","","","0","0"
"573","Josh Johnson","QB","WAS","-","-","-","-","-","-","-","-","-","0","0","BYE","","","","","","","0","0"
"573","Moliki Matavao","TE","NO","0","0","-","0","-","-","-","-","-","-","BYE","-","","","","","","","0","0"
"573","Cameron Latu","TE","PHI","-","0","0","0","0","0","0","0","BYE","0","0","0","","","","","","","0","0"
"573","Audric Estime","RB","NO","-","-","-","-","-","-","-","-","-","0","BYE","-","","","","","","","0","0"
"573","Ricky White III","WR","SEA","-","-","-","-","-","-","-","BYE","0","0","-","-","","","","","","","0","0"
"573","Jason Brownlee","WR","KC","0","0","0","-","0","0","-","-","-","BYE","-","-","","","","","","","0","0"
"573","Jelani Woods","TE","NYJ","-","0","-","-","-","-","-","0","BYE","-","-","-","","","","","","","0","0"
"573","Cade McDonald","WR","FA","-","-","-","-","-","-","0","-","-","-","-","-","","","","","","","0","0"
"573","Quinton Bell","WR","MIA","-","-","-","-","-","-","0","-","-","0","-","BYE","","","","","","","0","0"
"573","Simi Fehoko","WR","ARI","-","-","0","0","0","0","0","BYE","0","0","-","-","","","","","","","0","0"
"573","Dominic Lovett","WR","DET","-","0","0","0","0","0","-","BYE","-","0","0","-","","","","","","","0","0"
"573","Velus Jones Jr.","WR","SEA","0","-","0","0","0","-","-","BYE","-","-","-","-","","","","","","","0","0"
"573","Treyton Welch","TE","NO","-","-","0","-","-","-","-","-","-","-","BYE","-","","","","","","","0","0"
"573","Jacob Cowing","WR","SF","-","-","-","-","0","-","-","-","-","-","-","-","","","","","","","0","0"
"573","Xazavian Valladay","RB","FA","-","-","0","-","-","-","-","-","-","-","-","-","","","","","","","0","0"
"573","Avery Williams","RB","FA","-","-","-","-","0","-","-","-","-","-","-","-","","","","","","","0","0"
"573","Dalevon Campbell","WR","LAC","-","-","0","0","-","-","-","-","-","-","-","BYE","","","","","","","0","0"
"573","Jalen Brooks","WR","ARI","-","-","-","-","0","-","-","BYE","-","-","-","-","","","","","","","0","0"
"573","Sincere McCormick","RB","ARI","-","-","0","-","-","-","-","BYE","-","-","-","-","","","","","","","0","0"
"573","Will Mallory","TE","IND","-","-","-","-","0","-","-","-","-","-","BYE","-","","","","","","","0","0"
"573","DeeJay Dallas","RB","CAR","-","-","-","-","0","0","-","-","-","-","-","-","","","","","","","0","0"
"573","Kevin Austin Jr.","WR","NO","-","-","0","-","-","-","-","-","-","-","BYE","0","","","","","","","0","0"
"573","Khalil Herbert","RB","NYJ","-","-","-","-","0","-","-","-","BYE","-","-","-","","","","","","","0","0"
"573","Ja'Corey Brooks","WR","WAS","-","-","-","-","-","0","-","-","-","-","-","BYE","","","","","","","0","0"
"573","Ross Dwelley","TE","DET","-","-","0","0","0","0","0","BYE","-","0","0","0","","","","","","","0","0"
"573","Malik Turner","WR","SF","-","-","0","-","0","-","0","-","-","-","-","-","","","","","","","0","0"
"573","Nick Vannett","TE","MIN","-","-","-","0","0","BYE","-","-","0","-","-","-","","","","","","","0","0"
"573","Devin Culp","TE","TB","-","-","-","0","0","0","0","0","BYE","0","0","0","","","","","","","0","0"
"573","Jackson Meeks","WR","DET","-","-","-","0","-","-","-","BYE","-","-","0","-","","","","","","","0","0"
"573","Trey Sermon","RB","PIT","-","-","-","0","BYE","-","-","-","0","0","-","-","","","","","","","0","0"
"573","Brett Rypien","QB","IND","-","-","0","-","-","-","-","-","-","-","BYE","-","","","","","","","0","0"
"573","Kenny Yeboah","TE","FA","-","-","-","0","-","-","-","-","-","-","-","-","","","","","","","0","0"
"573","Kaden Davis","WR","CLE","-","-","0","-","-","-","-","-","BYE","-","0","-","","","","","","","0","0"
"573","Jordan James","RB","SF","-","-","0","-","-","-","-","-","-","-","-","-","","","","","","","0","0"
"573","Stone Smartt","TE","NYJ","-","-","-","0","-","0","-","-","BYE","0","-","-","","","","","","","0","0"
"573","Jalen Cropper","WR","DAL","-","-","0","0","0","0","-","-","-","BYE","-","-","","","","","","","0","0"
"573","Jahdae Walker","WR","CHI","-","-","-","0","BYE","-","-","0","0","-","-","-","","","","","","","0","0"
"573","Jeff Wilson Jr.","RB","MIA","0","-","-","-","-","-","-","-","-","-","-","BYE","","","","","","","0","0"
"573","Logan Woodside","QB","FA","-","0","0","0","-","-","-","-","-","-","-","-","","","","","","","0","0"
"573","Anthony Firkser","TE","DET","-","-","-","-","-","-","-","BYE","-","-","-","0","","","","","","","0","0"
"573","Parris Campbell","WR","DAL","-","-","-","-","-","0","-","-","-","BYE","-","-","","","","","","","0","0"
"573","Jordan Mims","RB","TEN","-","0","-","-","-","-","-","-","-","BYE","-","-","","","","","","","0","0"
"573","E.J. Jenkins","TE","PHI","-","-","-","-","-","-","0","-","BYE","-","-","-","","","","","","","0","0"
"573","Stephen Carlson","TE","CHI","-","-","-","0","BYE","-","-","0","-","-","-","-","","","","","","","0","0"
"573","Shedrick Jackson","WR","LV","-","-","-","-","-","-","0","BYE","-","-","-","-","","","","","","","0","0"
"573","Brayden Willis","TE","SF","-","0","0","0","0","0","-","-","-","-","-","-","","","","","","","0","0"
"573","Laquon Treadwell","WR","IND","-","-","-","-","-","-","0","-","-","0","BYE","0","","","","","","","0","0"
"573","Ronnie Rivers","RB","LAR","-","-","-","-","-","-","0","BYE","-","-","-","-","","","","","","","0","0"
"573","Kye Robichaux","RB","DET","-","-","-","-","-","-","0","BYE","-","-","-","-","","","","","","","0","0"
"573","Ty Chandler","RB","MIN","0","-","-","-","-","BYE","-","-","-","-","-","-","","","","","","","0","0"
"573","Thomas Fidone II","TE","NYG","-","-","-","-","-","-","0","-","0","-","-","-","","","","","","","0","0"
"573","Ben Sims","TE","MIN","-","-","-","-","-","0","-","-","-","0","-","0","","","","","","","0","0"
"573","Deven Thompkins","WR","ATL","-","-","-","-","BYE","0","-","-","-","-","-","-","","","","","","","0","0"
"573","Russell Gage Jr.","WR","FA","0","-","-","-","-","-","-","-","-","-","-","-","","","","","","","0","0"
"573","DeAndre Carter","WR","CLE","0","0","0","0","-","-","-","-","BYE","-","-","0","","","","","","","0","0"
"573","Efton Chism III","WR","NE","-","-","-","-","-","0","0","-","0","0","0","-","","","","","","","0","0"
"573","James Winchester","TE","KC","-","0","0","-","-","-","-","-","-","BYE","-","-","","","","","","","0","0"
"573","Lew Nichols III","RB","PIT","-","-","-","-","BYE","0","-","-","0","-","-","-","","","","","","","0","0"
"668","Kedon Slovis","QB","ARI","-","-","-","-","-","-","-","BYE","-","0","-","-0.1","","","","","","","0","-0.1"
"668","Adrian Martinez","QB","SF","-","-","-","-","-","-","-","-","-0.1","-","-","-","","","","","","","-0.1","-0.1"
"668","Jarrett Stidham","QB","DEN","-","-","-","-","-","-","-","-0.1","-","-","-","BYE","","","","","","","-0.1","-0.1"
"671","Derius Davis","WR","LAC","0.3","0","-1.8","-","-","-","0","0","0","1.3","0","BYE","","","","","","","0","-0.2"
"671","Travis Homer","RB","CHI","-","-","-","-","BYE","-","0","0","0","-","-0.2","-","","","","","","","-0.1","-0.2"
"671","Tanner McKee","QB","PHI","-","-","-","-","-","-","-","-0.2","BYE","-","-","-","","","","","","","-0.2","-0.2"
"671","Nyheim Hines","RB","FA","-","-","-","-","-","0","0","-0.2","-","-","-","-","","","","","","","-0.1","-0.2"
"675","Jimmy Garoppolo","QB","LAR","-","0","-","0","-","-","-0.3","BYE","-","-","-","-","","","","","","","-0.1","-0.3"
"676","Kyle Allen","QB","DET","-","0","-","-0.2","-","-","-","BYE","-","-0.1","-","-","","","","","","","-0.1","-0.3"
"677","Gardner Minshew II","QB","KC","-","-","-","-0.3","-","-","-0.3","-","-","BYE","-","-","","","","","","","-0.3","-0.6"
"678","Xavier Gipson","WR","PHI","-2","-","-","-","-","-","0","1.3","BYE","0","0","-0.7","","","","","","","-0.2","-1.4"
"679","Jalen Milroe","QB","SEA","0.1","-","0.3","-","-2","-","-","BYE","-","-","-","0","","","","","","","-0.4","-1.6"
"680","Kenny Pickett","QB","LV","-","-","-","-","-","-","-1.7","BYE","-","0","-","-","","","","","","","-0.8","-1.7"
"681","LaJohntay Wester","WR","BAL","0","0","0","0","0","0","BYE","-","0","0","-2","0","","","","","","","-0.2","-2"
"681","Mecole Hardman Jr.","WR","BUF","-","-","-","-","-","-","BYE","-","-","-","-2","-","","","","","","","-2","-2"
"681","Ke'Shawn Williams","WR","PIT","-","-","-","-","BYE","0","0","0","0","-2","0","0","","","","","","","-0.3","-2"
"684","Myles Price","WR","MIN","0","-2","0","0","0","BYE","0","0","0","-2","0","-2","","","","","","","-0.5","-6"
""
""